001000006,구서IC,경부고속도로,0010,129097562.349629,35250656.229197,1287213263,예제IC~예제IC 75km/h 10분 소요,예제IC~예제IC 75km/h 10분 소요,50,50,reserved1,reserved2
001000043,부산TG,경부고속도로,0010,129105221.725147,35281439.788691,1287213263,예제IC~예제IC 75km/h 10분 소요,예제IC~예제IC 75km/h 10분 소요,50,50,reserved1,reserved2
001000130,양산JC,경부고속도로,0010,129039748.436688,35336547.765330,1287213263,예제IC~예제IC 75km/h 10분 소요,예제IC~예제IC 75km/h 10분 소요,50,50,reserved1,reserved2
001000179,양산IC,경부고속도로,0010,129051708.892424,35378538.904054,1287213263,예제IC~예제IC 75km/h 10분 소요,예제IC~예제IC 75km/h 10분 소요,50,50,reserved1,reserved2
001000321,통도사IC,경부고속도로,0010,129095881.355025,35500450.928262,1287213263,예제IC~예제IC 75km/h 10분 소요,예제IC~예제IC 75km/h 10분 소요,50,50,reserved1,reserved2
001000388,서울산IC,경부고속도로,0010,129124874.258880,35555568.110411,1287213263,예제IC~예제IC 75km/h 10분 소요,예제IC~예제IC 75km/h 10분 소요,50,50,reserved1,reserved2
001000405,언양JC,경부고속도로,0010,129130945.273750,35570035.732276,1287213263,예제IC~예제IC 75km/h 10분 소요,예제IC~예제IC 75km/h 10분 소요,50,50,reserved1,reserved2
001000440,언양휴게소,경부고속도로,0010,129141541.521955,35600505.771535,1287213263,예제IC~예제IC 75km/h 10분 소요,예제IC~예제IC 75km/h 10분 소요,50,50,reserved1,reserved2
001000683,경주IC,경부고속도로,0010,129184443.576327,35807985.287245,1287213263,예제IC~예제IC 75km/h 10분 소요,예제IC~예제IC 75km/h 10분 소요,50,50,reserved1,reserved2
001000760,건천휴게소,경부고속도로,0010,129108538.184034,35831070.124734,1287213263,예제IC~예제IC 75km/h 10분 소요,예제IC~예제IC 75km/h 10분 소요,50,50,reserved1,reserved2
001000787,건천IC,경부고속도로,0010,129085071.043978,35844268.747028,1287213263,예제IC~예제IC 75km/h 10분 소요,예제IC~예제IC 75km/h 10분 소요,50,50,reserved1,reserved2
001001056,평사휴게소,경부고속도로,0010,128867297.034231,35886489.476052,1287213263,예제IC~예제IC 75km/h 10분 소요,예제IC~예제IC 75km/h 10분 소요,50,50,reserved1,reserved2
001001109,경산휴게소,경부고속도로,0010,128810259.862588,35878076.062739,1287213263,예제IC~예제IC 75km/h 10분 소요,예제IC~예제IC 75km/h 10분 소요,50,50,reserved1,reserved2
001001128,경산IC,경부고속도로,0010,128788767.640065,35876959.289875,1287213263,예제IC~예제IC 75km/h 10분 소요,예제IC~예제IC 75km/h 10분 소요,50,50,reserved1,reserved2
001001221,동대구JC,경부고속도로,0010,128694468.166916,35885833.699536,1287213263,예제IC~예제IC 75km/h 10분 소요,예제IC~예제IC 75km/h 10분 소요,50,50,reserved1,reserved2
001001262,도동JC,경부고속도로,0010,128664178.177610,35912229.277219,1287213263,예제IC~예제IC 75km/h 10분 소요,예제IC~예제IC 75km/h 10분 소요,50,50,reserved1,reserved2
001001300,검단IC,경부고속도로,0010,128623028.401197,35917056.037019,1287213263,예제IC~예제IC 75km/h 10분 소요,예제IC~예제IC 75km/h 10분 소요,50,50,reserved1,reserved2
001001339,북대구IC,경부고속도로,0010,128581005.512785,35909147.428129,1287213263,예제IC~예제IC 75km/h 10분 소요,예제IC~예제IC 75km/h 10분 소요,50,50,reserved1,reserved2
001001394,금호JC,경부고속도로,0010,128525264.834969,35892727.029338,1287213263,예제IC~예제IC 75km/h 10분 소요,예제IC~예제IC 75km/h 10분 소요,50,50,reserved1,reserved2
001001533,왜관IC,경부고속도로,0010,128432465.911223,35977193.994734,1287213263,예제IC~예제IC 75km/h 10분 소요,예제IC~예제IC 75km/h 10분 소요,50,50,reserved1,reserved2
001001570,칠곡휴게소,경부고속도로,0010,128428524.999801,36009476.497843,1287213263,예제IC~예제IC 75km/h 10분 소요,예제IC~예제IC 75km/h 10분 소요,50,50,reserved1,reserved2
001001673,남구미IC,경부고속도로,0010,128369530.570244,36069979.799213,1287213263,예제IC~예제IC 75km/h 10분 소요,예제IC~예제IC 75km/h 10분 소요,50,50,reserved1,reserved2
001001723,구미IC,경부고속도로,0010,128360706.867074,36109289.758839,1287213263,예제IC~예제IC 75km/h 10분 소요,예제IC~예제IC 75km/h 10분 소요,50,50,reserved1,reserved2
001001839,김천JC,경부고속도로,0010,128256539.832257,36161434.981385,1287213263,예제IC~예제IC 75km/h 10분 소요,예제IC~예제IC 75km/h 10분 소요,50,50,reserved1,reserved2
001002003,김천IC,경부고속도로,0010,128094641.516448,36133831.354452,1287213263,예제IC~예제IC 75km/h 10분 소요,예제IC~예제IC 75km/h 10분 소요,50,50,reserved1,reserved2
001002122,추풍령IC,경부고속도로,0010,128002283.955639,36195892.684138,1287213263,예제IC~예제IC 75km/h 10분 소요,예제IC~예제IC 75km/h 10분 소요,50,50,reserved1,reserved2
001002123,추풍령휴게소,경부고속도로,0010,128002162.356607,36196788.507103,1287213263,예제IC~예제IC 75km/h 10분 소요,예제IC~예제IC 75km/h 10분 소요,50,50,reserved1,reserved2
001002224,황간IC,경부고속도로,0010,127907460.941817,36222237.316251,1287213263,예제IC~예제IC 75km/h 10분 소요,예제IC~예제IC 75km/h 10분 소요,50,50,reserved1,reserved2
001002296,황간휴게소,경부고속도로,0010,127853670.225512,36250458.272090,1287213263,예제IC~예제IC 75km/h 10분 소요,예제IC~예제IC 75km/h 10분 소요,50,50,reserved1,reserved2
001002323,영동IC,경부고속도로,0010,127835013.330352,36268119.987806,1287213263,예제IC~예제IC 75km/h 10분 소요,예제IC~예제IC 75km/h 10분 소요,50,50,reserved1,reserved2
001002482,금강휴게소,경부고속도로,0010,127674041.935662,36279834.781924,1287213263,예제IC~예제IC 75km/h 10분 소요,예제IC~예제IC 75km/h 10분 소요,50,50,reserved1,reserved2
001002483,금강IC,경부고속도로,0010,127672919.002323,36279700.023488,1287213263,예제IC~예제IC 75km/h 10분 소요,예제IC~예제IC 75km/h 10분 소요,50,50,reserved1,reserved2
001002557,옥천휴게소,경부고속도로,0010,127596078.682073,36297892.668431,1287213263,예제IC~예제IC 75km/h 10분 소요,예제IC~예제IC 75km/h 10분 소요,50,50,reserved1,reserved2
001002597,옥천IC,경부고속도로,0010,127559131.230327,36316186.452048,1287213263,예제IC~예제IC 75km/h 10분 소요,예제IC~예제IC 75km/h 10분 소요,50,50,reserved1,reserved2
001002684,비룡JC,경부고속도로,0010,127482747.420019,36345151.748135,1287213263,예제IC~예제IC 75km/h 10분 소요,예제IC~예제IC 75km/h 10분 소요,50,50,reserved1,reserved2
001002719,대전IC,경부고속도로,0010,127452068.658774,36362256.494988,1287213263,예제IC~예제IC 75km/h 10분 소요,예제IC~예제IC 75km/h 10분 소요,50,50,reserved1,reserved2
001002779,회덕JC,경부고속도로,0010,127419112.335199,36404109.867090,1287213263,예제IC~예제IC 75km/h 10분 소요,예제IC~예제IC 75km/h 10분 소요,50,50,reserved1,reserved2
001002806,신탄진휴게소,경부고속도로,0010,127416970.476067,36426991.796925,1287213263,예제IC~예제IC 75km/h 10분 소요,예제IC~예제IC 75km/h 10분 소요,50,50,reserved1,reserved2
001002820,신탄진IC,경부고속도로,0010,127419809.051898,36439414.838173,1287213263,예제IC~예제IC 75km/h 10분 소요,예제IC~예제IC 75km/h 10분 소요,50,50,reserved1,reserved2
001002878,죽암휴게소,경부고속도로,0010,127430288.505752,36486920.812313,1287213263,예제IC~예제IC 75km/h 10분 소요,예제IC~예제IC 75km/h 10분 소요,50,50,reserved1,reserved2
001002889,죽암휴게소,경부고속도로,0010,127429577.577648,36496850.150847,1287213263,예제IC~예제IC 75km/h 10분 소요,예제IC~예제IC 75km/h 10분 소요,50,50,reserved1,reserved2
001002931,청원IC,경부고속도로,0010,127430318.967781,36533878.936060,1287213263,예제IC~예제IC 75km/h 10분 소요,예제IC~예제IC 75km/h 10분 소요,50,50,reserved1,reserved2
001003005,남이JC,경부고속도로,0010,127419767.010570,36598273.663078,1287213263,예제IC~예제IC 75km/h 10분 소요,예제IC~예제IC 75km/h 10분 소요,50,50,reserved1,reserved2
001003051,청주IC,경부고속도로,0010,127383301.280292,36626203.211115,1287213263,예제IC~예제IC 75km/h 10분 소요,예제IC~예제IC 75km/h 10분 소요,50,50,reserved1,reserved2
001003086,옥산휴게소,경부고속도로,0010,127371781.900179,36656306.961613,1287213263,예제IC~예제IC 75km/h 10분 소요,예제IC~예제IC 75km/h 10분 소요,50,50,reserved1,reserved2
001003166,청원휴게소,경부고속도로,0010,127344416.719169,36716901.558090,1287213263,예제IC~예제IC 75km/h 10분 소요,예제IC~예제IC 75km/h 10분 소요,50,50,reserved1,reserved2
001003242,천안휴게소,경부고속도로,0010,127264204.361085,36731270.057730,1287213263,예제IC~예제IC 75km/h 10분 소요,예제IC~예제IC 75km/h 10분 소요,50,50,reserved1,reserved2
001003299,목천IC,경부고속도로,0010,127217928.869911,36759554.302766,1287213263,예제IC~예제IC 75km/h 10분 소요,예제IC~예제IC 75km/h 10분 소요,50,50,reserved1,reserved2
001003334,천안JC,경부고속도로,0010,127181848.027674,36769071.038645,1287213263,예제IC~예제IC 75km/h 10분 소요,예제IC~예제IC 75km/h 10분 소요,50,50,reserved1,reserved2
001003357,천안삼휴게소,경부고속도로,0010,127172187.926698,36787992.771345,1287213263,예제IC~예제IC 75km/h 10분 소요,예제IC~예제IC 75km/h 10분 소요,50,50,reserved1,reserved2
001003401,천안IC,경부고속도로,0010,127168631.986416,36826206.355076,1287213263,예제IC~예제IC 75km/h 10분 소요,예제IC~예제IC 75km/h 10분 소요,50,50,reserved1,reserved2
001003436,망향휴게소,경부고속도로,0010,127182479.383675,36855286.934109,1287213263,예제IC~예제IC 75km/h 10분 소요,예제IC~예제IC 75km/h 10분 소요,50,50,reserved1,reserved2
001003535,입장휴게소,경부고속도로,0010,127189510.492853,36943693.131028,1287213263,예제IC~예제IC 75km/h 10분 소요,예제IC~예제IC 75km/h 10분 소요,50,50,reserved1,reserved2
001003601,안성IC,경부고속도로,0010,127153826.601002,36995190.863089,1287213263,예제IC~예제IC 75km/h 10분 소요,예제IC~예제IC 75km/h 10분 소요,50,50,reserved1,reserved2
001003613,안성휴게소,경부고속도로,0010,127149931.665211,37005530.978327,1287213263,예제IC~예제IC 75km/h 10분 소요,예제IC~예제IC 75km/h 10분 소요,50,50,reserved1,reserved2
001003649,안성JC,경부고속도로,0010,127138745.003980,37036530.696826,1287213263,예제IC~예제IC 75km/h 10분 소요,예제IC~예제IC 75km/h 10분 소요,50,50,reserved1,reserved2
001003690,안성휴게소,경부고속도로,0010,127132649.494280,37072923.495164,1287213263,예제IC~예제IC 75km/h 10분 소요,예제IC~예제IC 75km/h 10분 소요,50,50,reserved1,reserved2
001003782,오산IC,경부고속도로,0010,127084042.985251,37143796.533262,1287213263,예제IC~예제IC 75km/h 10분 소요,예제IC~예제IC 75km/h 10분 소요,50,50,reserved1,reserved2
001003865,기흥IC(동탄),경부고속도로,0010,127097051.414643,37216355.577482,1287213263,예제IC~예제IC 75km/h 10분 소요,예제IC~예제IC 75km/h 10분 소요,50,50,reserved1,reserved2
001003872,기흥IC(구),경부고속도로,0010,127100746.374149,37221908.206721,1287213263,예제IC~예제IC 75km/h 10분 소요,예제IC~예제IC 75km/h 10분 소요,50,50,reserved1,reserved2
001003880,기흥휴게소,경부고속도로,0010,127105331.896774,37228105.519412,1287213263,예제IC~예제IC 75km/h 10분 소요,예제IC~예제IC 75km/h 10분 소요,50,50,reserved1,reserved2
001003924,수원IC,경부고속도로,0010,127103752.501410,37267151.451446,1287213263,예제IC~예제IC 75km/h 10분 소요,예제IC~예제IC 75km/h 10분 소요,50,50,reserved1,reserved2
001003950,신갈JC,경부고속도로,0010,127103641.891747,37290553.789503,1287213263,예제IC~예제IC 75km/h 10분 소요,예제IC~예제IC 75km/h 10분 소요,50,50,reserved1,reserved2
001004024,죽전휴계소,경부고속도로,0010,127103300.244936,37357159.909960,1287213263,예제IC~예제IC 75km/h 10분 소요,예제IC~예제IC 75km/h 10분 소요,50,50,reserved1,reserved2
001004069,판교IC,경부고속도로,0010,127100625.323388,37397516.909224,1287213263,예제IC~예제IC 75km/h 10분 소요,예제IC~예제IC 75km/h 10분 소요,50,50,reserved1,reserved2
001004080,판교JC,경부고속도로,0010,127094503.463624,37405854.390029,1287213263,예제IC~예제IC 75km/h 10분 소요,예제IC~예제IC 75km/h 10분 소요,50,50,reserved1,reserved2
001004150,서울만남의광장휴게소,경부고속도로,0010,127046942.633639,37456065.672795,1287213263,예제IC~예제IC 75km/h 10분 소요,예제IC~예제IC 75km/h 10분 소요,50,50,reserved1,reserved2
001004161,양재IC,경부고속도로,0010,127039430.692902,37463950.413887,1287213263,예제IC~예제IC 75km/h 10분 소요,예제IC~예제IC 75km/h 10분 소요,50,50,reserved1,reserved2
001004187,서초IC,경부고속도로,0010,127025634.478073,37484241.621310,1287213263,예제IC~예제IC 75km/h 10분 소요,예제IC~예제IC 75km/h 10분 소요,50,50,reserved1,reserved2
010000038,순천IC ,남해고속도로,0100,127516314.763958,34987164.246942,1287213263,예제IC~예제IC 75km/h 10분 소요,예제IC~예제IC 75km/h 10분 소요,50,50,reserved1,reserved2
010000126,광양IC,남해고속도로,0100,127603596.828899,34973335.997780,1287213263,예제IC~예제IC 75km/h 10분 소요,예제IC~예제IC 75km/h 10분 소요,50,50,reserved1,reserved2
010000177,동광양IC,남해고속도로,0100,127651633.918267,34963407.724052,1287213263,예제IC~예제IC 75km/h 10분 소요,예제IC~예제IC 75km/h 10분 소요,50,50,reserved1,reserved2
010000242,옥곡IC,남해고속도로,0100,127703988.659896,34987003.643417,1287213263,예제IC~예제IC 75km/h 10분 소요,예제IC~예제IC 75km/h 10분 소요,50,50,reserved1,reserved2
010000286,진월IC,남해고속도로,0100,127747999.985125,34980204.493472,1287213263,예제IC~예제IC 75km/h 10분 소요,예제IC~예제IC 75km/h 10분 소요,50,50,reserved1,reserved2
010000311,섬진강휴게소,남해고속도로,0100,127772563.923982,34986620.957874,1287213263,예제IC~예제IC 75km/h 10분 소요,예제IC~예제IC 75km/h 10분 소요,50,50,reserved1,reserved2
010000356,하동IC,남해고속도로,0100,127814103.444970,35002473.670143,1287213263,예제IC~예제IC 75km/h 10분 소요,예제IC~예제IC 75km/h 10분 소요,50,50,reserved1,reserved2
010000457,진교IC,남해고속도로,0100,127905536.396898,35041438.991656,1287213263,예제IC~예제IC 75km/h 10분 소요,예제IC~예제IC 75km/h 10분 소요,50,50,reserved1,reserved2
010000521,곤양IC,남해고속도로,0100,127967913.140555,35057381.312133,1287213263,예제IC~예제IC 75km/h 10분 소요,예제IC~예제IC 75km/h 10분 소요,50,50,reserved1,reserved2
010000566,사천휴게소,남해고속도로,0100,128010055.592690,35074238.474970,1287213263,예제IC~예제IC 75km/h 10분 소요,예제IC~예제IC 75km/h 10분 소요,50,50,reserved1,reserved2
010000601,축동IC,남해고속도로,0100,128043307.644867,35086447.365187,1287213263,예제IC~예제IC 75km/h 10분 소요,예제IC~예제IC 75km/h 10분 소요,50,50,reserved1,reserved2
010000655,사천IC,남해고속도로,0100,128087591.795407,35113840.122579,1287213263,예제IC~예제IC 75km/h 10분 소요,예제IC~예제IC 75km/h 10분 소요,50,50,reserved1,reserved2
010000685,진주JC,남해고속도로,0100,128097993.828969,35137936.332165,1287213263,예제IC~예제IC 75km/h 10분 소요,예제IC~예제IC 75km/h 10분 소요,50,50,reserved1,reserved2
010000753,문산휴게소,남해고속도로,0100,128152525.736996,35170676.592771,1287213263,예제IC~예제IC 75km/h 10분 소요,예제IC~예제IC 75km/h 10분 소요,50,50,reserved1,reserved2
010000760,문산IC,남해고속도로,0100,128159949.631213,35172303.603909,1287213263,예제IC~예제IC 75km/h 10분 소요,예제IC~예제IC 75km/h 10분 소요,50,50,reserved1,reserved2
010000835,진성IC,남해고속도로,0100,128225951.825503,35192094.618899,1287213263,예제IC~예제IC 75km/h 10분 소요,예제IC~예제IC 75km/h 10분 소요,50,50,reserved1,reserved2
010000893,지수IC,남해고속도로,0100,128271915.383735,35223559.961392,1287213263,예제IC~예제IC 75km/h 10분 소요,예제IC~예제IC 75km/h 10분 소요,50,50,reserved1,reserved2
010000940,남강휴게소,남해고속도로,0100,128278998.732708,35264134.065924,1287213263,예제IC~예제IC 75km/h 10분 소요,예제IC~예제IC 75km/h 10분 소요,50,50,reserved1,reserved2
010000980,군북IC,남해고속도로,0100,128315059.505430,35280808.032405,1287213263,예제IC~예제IC 75km/h 10분 소요,예제IC~예제IC 75km/h 10분 소요,50,50,reserved1,reserved2
010001017,장지IC,남해고속도로,0100,128350128.736856,35291949.308418,1287213263,예제IC~예제IC 75km/h 10분 소요,예제IC~예제IC 75km/h 10분 소요,50,50,reserved1,reserved2
010001063,함안IC,남해고속도로,0100,128400012.294889,35287773.119860,1287213263,예제IC~예제IC 75km/h 10분 소요,예제IC~예제IC 75km/h 10분 소요,50,50,reserved1,reserved2
010001142,산인JC,남해고속도로,0100,128480909.883380,35272445.684839,1287213263,예제IC~예제IC 75km/h 10분 소요,예제IC~예제IC 75km/h 10분 소요,50,50,reserved1,reserved2
010001172,칠원JC,남해고속도로,0100,128510292.720109,35283423.338990,1287213263,예제IC~예제IC 75km/h 10분 소요,예제IC~예제IC 75km/h 10분 소요,50,50,reserved1,reserved2
010001265,북창원IC,남해고속도로,0100,128609768.428990,35285435.061180,1287213263,예제IC~예제IC 75km/h 10분 소요,예제IC~예제IC 75km/h 10분 소요,50,50,reserved1,reserved2
010001296,창원JC,남해고속도로,0100,128641255.705484,35275151.455051,1287213263,예제IC~예제IC 75km/h 10분 소요,예제IC~예제IC 75km/h 10분 소요,50,50,reserved1,reserved2
010001347,동창원IC,남해고속도로,0100,128695112.082794,35278076.385307,1287213263,예제IC~예제IC 75km/h 10분 소요,예제IC~예제IC 75km/h 10분 소요,50,50,reserved1,reserved2
010001395,진영휴게소,남해고속도로,0100,128745152.022060,35270960.832875,1287213263,예제IC~예제IC 75km/h 10분 소요,예제IC~예제IC 75km/h 10분 소요,50,50,reserved1,reserved2
010001434,진례IC,남해고속도로,0100,128761222.229858,35239634.978317,1287213263,예제IC~예제IC 75km/h 10분 소요,예제IC~예제IC 75km/h 10분 소요,50,50,reserved1,reserved2
010001497,냉정JC,남해고속도로,0100,128820069.948173,35223786.292303,1287213263,예제IC~예제IC 75km/h 10분 소요,예제IC~예제IC 75km/h 10분 소요,50,50,reserved1,reserved2
010001545,서김해IC,남해고속도로,0100,128871926.212781,35221149.068834,1287213263,예제IC~예제IC 75km/h 10분 소요,예제IC~예제IC 75km/h 10분 소요,50,50,reserved1,reserved2
010001601,동김해IC,남해고속도로,0100,128932382.449171,35222409.686159,1287213263,예제IC~예제IC 75km/h 10분 소요,예제IC~예제IC 75km/h 10분 소요,50,50,reserved1,reserved2
010001634,북부산TG,남해고속도로,0100,128967632.145542,35219584.278810,1287213263,예제IC~예제IC 75km/h 10분 소요,예제IC~예제IC 75km/h 10분 소요,50,50,reserved1,reserved2
010001664,대저JC,남해고속도로,0100,129000170.219789,35215995.638037,1287213263,예제IC~예제IC 75km/h 10분 소요,예제IC~예제IC 75km/h 10분 소요,50,50,reserved1,reserved2
012000000,고서JC,12번고속도로,0120,126960556.046281,35224228.036551,1287213263,예제IC~예제IC 75km/h 10분 소요,예제IC~예제IC 75km/h 10분 소요,50,50,reserved1,reserved2
012000030,담양JC,12번고속도로,0120,126969664.434847,35248486.677719,1287213263,예제IC~예제IC 75km/h 10분 소요,예제IC~예제IC 75km/h 10분 소요,50,50,reserved1,reserved2
012000066,담양IC,12번고속도로,0120,126979017.527714,35279390.134138,1287213263,예제IC~예제IC 75km/h 10분 소요,예제IC~예제IC 75km/h 10분 소요,50,50,reserved1,reserved2
012000272,순창IC,12번고속도로,0120,127143361.588723,35361791.697142,1287213263,예제IC~예제IC 75km/h 10분 소요,예제IC~예제IC 75km/h 10분 소요,50,50,reserved1,reserved2
012000401,남원휴게소,12번고속도로,0120,127273354.761648,35387256.743807,1287213263,예제IC~예제IC 75km/h 10분 소요,예제IC~예제IC 75km/h 10분 소요,50,50,reserved1,reserved2
012000530,남원IC,12번고속도로,0120,127396945.179522,35428924.541738,1287213263,예제IC~예제IC 75km/h 10분 소요,예제IC~예제IC 75km/h 10분 소요,50,50,reserved1,reserved2
012000682,남장수IC,12번고속도로,0120,127525339.120768,35502424.396299,1287213263,예제IC~예제IC 75km/h 10분 소요,예제IC~예제IC 75km/h 10분 소요,50,50,reserved1,reserved2
012000757,지리산휴게소,12번고속도로,0120,127566157.068644,35481797.170690,1287213263,예제IC~예제IC 75km/h 10분 소요,예제IC~예제IC 75km/h 10분 소요,50,50,reserved1,reserved2
012000778,지리산IC,12번고속도로,0120,127588912.687249,35484046.047494,1287213263,예제IC~예제IC 75km/h 10분 소요,예제IC~예제IC 75km/h 10분 소요,50,50,reserved1,reserved2
012000963,함양IC,12번고속도로,0120,127749556.521826,35532679.924548,1287213263,예제IC~예제IC 75km/h 10분 소요,예제IC~예제IC 75km/h 10분 소요,50,50,reserved1,reserved2
012000983,함양JC,12번고속도로,0120,127770805.724312,35535134.948419,1287213263,예제IC~예제IC 75km/h 10분 소요,예제IC~예제IC 75km/h 10분 소요,50,50,reserved1,reserved2
012001063,죽산휴게소,12번고속도로,0120,127840014.339419,35562744.592752,1287213263,예제IC~예제IC 75km/h 10분 소요,예제IC~예제IC 75km/h 10분 소요,50,50,reserved1,reserved2
012001220,거창IC,12번고속도로,0120,127929379.892346,35675332.627444,1287213263,예제IC~예제IC 75km/h 10분 소요,예제IC~예제IC 75km/h 10분 소요,50,50,reserved1,reserved2
012001331,가조IC,12번고속도로,0120,128021650.734986,35702233.464234,1287213263,예제IC~예제IC 75km/h 10분 소요,예제IC~예제IC 75km/h 10분 소요,50,50,reserved1,reserved2
012001365,거창휴게소,12번고속도로,0120,128058112.514841,35707220.911876,1287213263,예제IC~예제IC 75km/h 10분 소요,예제IC~예제IC 75km/h 10분 소요,50,50,reserved1,reserved2
012001501,해인사IC,12번고속도로,0120,128170212.246039,35715433.285771,1287213263,예제IC~예제IC 75km/h 10분 소요,예제IC~예제IC 75km/h 10분 소요,50,50,reserved1,reserved2
012001595,고령IC,12번고속도로,0120,128250860.048023,35701718.187152,1287213263,예제IC~예제IC 75km/h 10분 소요,예제IC~예제IC 75km/h 10분 소요,50,50,reserved1,reserved2
012001717,동고령IC,12번고속도로,0120,128356615.023811,35752010.252464,1287213263,예제IC~예제IC 75km/h 10분 소요,예제IC~예제IC 75km/h 10분 소요,50,50,reserved1,reserved2
012001830,옥포JC,12번고속도로,0120,128463401.514225,35792430.911231,1287213263,예제IC~예제IC 75km/h 10분 소요,예제IC~예제IC 75km/h 10분 소요,50,50,reserved1,reserved2
012100043,북무안IC,12번고속도로,0121,126432086.923120,35013427.840823,1287213263,예제IC~예제IC 75km/h 10분 소요,예제IC~예제IC 75km/h 10분 소요,50,50,reserved1,reserved2
012100066,무안공항TG,12번고속도로,0121,126456559.867199,35016996.725669,1287213263,예제IC~예제IC 75km/h 10분 소요,예제IC~예제IC 75km/h 10분 소요,50,50,reserved1,reserved2
012100096,함평JC,12번고속도로,0121,126485402.365470,35029399.689586,1287213263,예제IC~예제IC 75km/h 10분 소요,예제IC~예제IC 75km/h 10분 소요,50,50,reserved1,reserved2
012100156,동함평IC,12번고속도로,0121,126544954.542666,35050348.646362,1287213263,예제IC~예제IC 75km/h 10분 소요,예제IC~예제IC 75km/h 10분 소요,50,50,reserved1,reserved2
012100207,문평IC,12번고속도로,0121,126595381.204938,35067095.781593,1287213263,예제IC~예제IC 75km/h 10분 소요,예제IC~예제IC 75km/h 10분 소요,50,50,reserved1,reserved2
012100309,나주IC,12번고속도로,0121,126696395.547158,35101900.327556,1287213263,예제IC~예제IC 75km/h 10분 소요,예제IC~예제IC 75km/h 10분 소요,50,50,reserved1,reserved2
014000030,남고창IC,고속도로,0140,126678679.464782,35400379.442139,1287213263,예제IC~예제IC 75km/h 10분 소요,예제IC~예제IC 75km/h 10분 소요,50,50,reserved1,reserved2
014000126,장성물류IC,고속도로,0140,126762321.256080,35350163.827600,1287213263,예제IC~예제IC 75km/h 10분 소요,예제IC~예제IC 75km/h 10분 소요,50,50,reserved1,reserved2
014000171,장성JC,고속도로,0140,126803624.317452,35330635.197490,1287213263,예제IC~예제IC 75km/h 10분 소요,예제IC~예제IC 75km/h 10분 소요,50,50,reserved1,reserved2
014000372,담양JC,고속도로,0140,126979390.922780,35252287.125235,1287213263,예제IC~예제IC 75km/h 10분 소요,예제IC~예제IC 75km/h 10분 소요,50,50,reserved1,reserved2
014000423,대덕JC,고속도로,0140,127032450.516110,35246642.142458,1287213263,예제IC~예제IC 75km/h 10분 소요,예제IC~예제IC 75km/h 10분 소요,50,50,reserved1,reserved2
015000000,목포IC,서해안고속도로,0150,126421434.906225,34841429.639800,1287213263,예제IC~예제IC 75km/h 10분 소요,예제IC~예제IC 75km/h 10분 소요,50,50,reserved1,reserved2
015000063,일로IC,서해안고속도로,0150,126481586.837049,34858249.291352,1287213263,예제IC~예제IC 75km/h 10분 소요,예제IC~예제IC 75km/h 10분 소요,50,50,reserved1,reserved2
015000235,무안IC,서해안고속도로,0150,126492216.421341,35007467.008472,1287213263,예제IC~예제IC 75km/h 10분 소요,예제IC~예제IC 75km/h 10분 소요,50,50,reserved1,reserved2
015000305,함평휴게소,서해안고속도로,0150,126479492.243867,35069451.938030,1287213263,예제IC~예제IC 75km/h 10분 소요,예제IC~예제IC 75km/h 10분 소요,50,50,reserved1,reserved2
015000338,함평IC,서해안고속도로,0150,126481638.904790,35099142.480573,1287213263,예제IC~예제IC 75km/h 10분 소요,예제IC~예제IC 75km/h 10분 소요,50,50,reserved1,reserved2
015000373,함평휴게소,서해안고속도로,0150,126481085.010619,35130678.134602,1287213263,예제IC~예제IC 75km/h 10분 소요,예제IC~예제IC 75km/h 10분 소요,50,50,reserved1,reserved2
015000581,영광IC,서해안고속도로,0150,126557560.459214,35298762.045188,1287213263,예제IC~예제IC 75km/h 10분 소요,예제IC~예제IC 75km/h 10분 소요,50,50,reserved1,reserved2
015000741,고창휴게소,서해안고속도로,0150,126652127.237490,35416086.151458,1287213263,예제IC~예제IC 75km/h 10분 소요,예제IC~예제IC 75km/h 10분 소요,50,50,reserved1,reserved2
015000769,고창IC,서해안고속도로,0150,126663694.011603,35439409.999794,1287213263,예제IC~예제IC 75km/h 10분 소요,예제IC~예제IC 75km/h 10분 소요,50,50,reserved1,reserved2
015000796,고창고인돌휴게소,서해안고속도로,0150,126672034.991293,35462731.381462,1287213263,예제IC~예제IC 75km/h 10분 소요,예제IC~예제IC 75km/h 10분 소요,50,50,reserved1,reserved2
015000802,고창고인돌휴게소,서해안고속도로,0150,126674508.506065,35467747.954170,1287213263,예제IC~예제IC 75km/h 10분 소요,예제IC~예제IC 75km/h 10분 소요,50,50,reserved1,reserved2
015000849,선운산IC,서해안고속도로,0150,126683311.969982,35509288.189056,1287213263,예제IC~예제IC 75km/h 10분 소요,예제IC~예제IC 75km/h 10분 소요,50,50,reserved1,reserved2
015000947,줄포IC,서해안고속도로,0150,126696597.068130,35596514.980021,1287213263,예제IC~예제IC 75km/h 10분 소요,예제IC~예제IC 75km/h 10분 소요,50,50,reserved1,reserved2
015001109,부안IC,서해안고속도로,0150,126768888.766377,35726277.378823,1287213263,예제IC~예제IC 75km/h 10분 소요,예제IC~예제IC 75km/h 10분 소요,50,50,reserved1,reserved2
015001248,서김제IC,서해안고속도로,0150,126839503.427089,35834228.594923,1287213263,예제IC~예제IC 75km/h 10분 소요,예제IC~예제IC 75km/h 10분 소요,50,50,reserved1,reserved2
015001374,동군산IC,서해안고속도로,0150,126834104.299244,35945204.601186,1287213263,예제IC~예제IC 75km/h 10분 소요,예제IC~예제IC 75km/h 10분 소요,50,50,reserved1,reserved2
015001416,군산휴게소,서해안고속도로,0150,126829682.717824,35981597.896591,1287213263,예제IC~예제IC 75km/h 10분 소요,예제IC~예제IC 75km/h 10분 소요,50,50,reserved1,reserved2
015001458,군산IC,서해안고속도로,0150,126799043.117770,36009811.128463,1287213263,예제IC~예제IC 75km/h 10분 소요,예제IC~예제IC 75km/h 10분 소요,50,50,reserved1,reserved2
015001470,군산휴게소,서해안고속도로,0150,126795627.550330,36020257.033223,1287213263,예제IC~예제IC 75km/h 10분 소요,예제IC~예제IC 75km/h 10분 소요,50,50,reserved1,reserved2
015001520,동서천JC,서해안고속도로,0150,126772488.379271,36058303.888671,1287213263,예제IC~예제IC 75km/h 10분 소요,예제IC~예제IC 75km/h 10분 소요,50,50,reserved1,reserved2
015001610,서천IC,서해안고속도로,0150,126688875.289525,36098818.323825,1287213263,예제IC~예제IC 75km/h 10분 소요,예제IC~예제IC 75km/h 10분 소요,50,50,reserved1,reserved2
015001936,대천IC,서해안고속도로,0150,126574702.373130,36333576.489177,1287213263,예제IC~예제IC 75km/h 10분 소요,예제IC~예제IC 75km/h 10분 소요,50,50,reserved1,reserved2
015001980,대천휴게소,서해안고속도로,0150,126557748.760836,36369242.143904,1287213263,예제IC~예제IC 75km/h 10분 소요,예제IC~예제IC 75km/h 10분 소요,50,50,reserved1,reserved2
015002133,광천IC,서해안고속도로,0150,126585238.403349,36498921.798503,1287213263,예제IC~예제IC 75km/h 10분 소요,예제IC~예제IC 75km/h 10분 소요,50,50,reserved1,reserved2
015002200,홍성휴게소,서해안고속도로,0150,126579466.088360,36558679.115830,1287213263,예제IC~예제IC 75km/h 10분 소요,예제IC~예제IC 75km/h 10분 소요,50,50,reserved1,reserved2
015002241,홍성IC,서해안고속도로,0150,126560141.422538,36592126.265549,1287213263,예제IC~예제IC 75km/h 10분 소요,예제IC~예제IC 75km/h 10분 소요,50,50,reserved1,reserved2
015002378,해미IC,서해안고속도로,0150,126562455.097380,36712576.352821,1287213263,예제IC~예제IC 75km/h 10분 소요,예제IC~예제IC 75km/h 10분 소요,50,50,reserved1,reserved2
015002400,서산휴게소,서해안고속도로,0150,126563936.623079,36732352.593395,1287213263,예제IC~예제IC 75km/h 10분 소요,예제IC~예제IC 75km/h 10분 소요,50,50,reserved1,reserved2
015002485,서산IC,서해안고속도로,0150,126571611.124990,36807137.291321,1287213263,예제IC~예제IC 75km/h 10분 소요,예제IC~예제IC 75km/h 10분 소요,50,50,reserved1,reserved2
015002551,당진JC,서해안고속도로,0150,126619370.922028,36851660.004436,1287213263,예제IC~예제IC 75km/h 10분 소요,예제IC~예제IC 75km/h 10분 소요,50,50,reserved1,reserved2
015002645,당진IC,서해안고속도로,0150,126707572.889565,36893249.808806,1287213263,예제IC~예제IC 75km/h 10분 소요,예제IC~예제IC 75km/h 10분 소요,50,50,reserved1,reserved2
015002725,송악IC,서해안고속도로,0150,126779155.000517,36934847.926407,1287213263,예제IC~예제IC 75km/h 10분 소요,예제IC~예제IC 75km/h 10분 소요,50,50,reserved1,reserved2
015002753,행담도휴게소,서해안고속도로,0150,126806988.366562,36942911.977622,1287213263,예제IC~예제IC 75km/h 10분 소요,예제IC~예제IC 75km/h 10분 소요,50,50,reserved1,reserved2
015002850,서평택IC,서해안고속도로,0150,126869158.067907,36997146.098455,1287213263,예제IC~예제IC 75km/h 10분 소요,예제IC~예제IC 75km/h 10분 소요,50,50,reserved1,reserved2
015002917,서평택JC,서해안고속도로,0150,126888712.161244,37054911.333874,1287213263,예제IC~예제IC 75km/h 10분 소요,예제IC~예제IC 75km/h 10분 소요,50,50,reserved1,reserved2
015002995,발안IC,서해안고속도로,0150,126882067.924834,37124026.391286,1287213263,예제IC~예제IC 75km/h 10분 소요,예제IC~예제IC 75km/h 10분 소요,50,50,reserved1,reserved2
015003014,화성휴게소,서해안고속도로,0150,126880110.090875,37140946.032587,1287213263,예제IC~예제IC 75km/h 10분 소요,예제IC~예제IC 75km/h 10분 소요,50,50,reserved1,reserved2
015003132,비봉IC,서해안고속도로,0150,126882486.024920,37244902.450997,1287213263,예제IC~예제IC 75km/h 10분 소요,예제IC~예제IC 75km/h 10분 소요,50,50,reserved1,reserved2
015003172,매송IC,서해안고속도로,0150,126897621.224880,37278409.928803,1287213263,예제IC~예제IC 75km/h 10분 소요,예제IC~예제IC 75km/h 10분 소요,50,50,reserved1,reserved2
015003210,팔곡JC,서해안고속도로,0150,126893207.410094,37310382.232177,1287213263,예제IC~예제IC 75km/h 10분 소요,예제IC~예제IC 75km/h 10분 소요,50,50,reserved1,reserved2
015003261,안산JC,서해안고속도로,0150,126860001.483813,37344849.976301,1287213263,예제IC~예제IC 75km/h 10분 소요,예제IC~예제IC 75km/h 10분 소요,50,50,reserved1,reserved2
015003275,서서울TG,서해안고속도로,0150,126863903.703104,37356790.571599,1287213263,예제IC~예제IC 75km/h 10분 소요,예제IC~예제IC 75km/h 10분 소요,50,50,reserved1,reserved2
015003290,조남JC,서해안고속도로,0150,126869159.410098,37369615.389965,1287213263,예제IC~예제IC 75km/h 10분 소요,예제IC~예제IC 75km/h 10분 소요,50,50,reserved1,reserved2
015003321,목감IC,서해안고속도로,0150,126871656.630086,37396949.465460,1287213263,예제IC~예제IC 75km/h 10분 소요,예제IC~예제IC 75km/h 10분 소요,50,50,reserved1,reserved2
015003333,광명역IC,서해안고속도로,0150,126880288.032092,37404564.682389,1287213263,예제IC~예제IC 75km/h 10분 소요,예제IC~예제IC 75km/h 10분 소요,50,50,reserved1,reserved2
015003360,일직JC,서해안고속도로,0150,126895081.824735,37424595.915397,1287213263,예제IC~예제IC 75km/h 10분 소요,예제IC~예제IC 75km/h 10분 소요,50,50,reserved1,reserved2
015003402,금천IC,서해안고속도로,0150,126890576.407026,37460344.981876,1287213263,예제IC~예제IC 75km/h 10분 소요,예제IC~예제IC 75km/h 10분 소요,50,50,reserved1,reserved2
016000000,언양JC,울산고속도로,0160,129134049.907095,35564621.605982,1287213263,예제IC~예제IC 75km/h 10분 소요,예제IC~예제IC 75km/h 10분 소요,50,50,reserved1,reserved2
016000120,울산JC,울산고속도로,0160,129241762.065482,35561299.452945,1287213263,예제IC~예제IC 75km/h 10분 소요,예제IC~예제IC 75km/h 10분 소요,50,50,reserved1,reserved2
016000128,울산TG,울산고속도로,0160,129249510.086385,35557896.730283,1287213263,예제IC~예제IC 75km/h 10분 소요,예제IC~예제IC 75km/h 10분 소요,50,50,reserved1,reserved2
017000009,오성IC,평택화성고속도로,0170,126985487.643839,37017125.986035,1287213263,예제IC~예제IC 75km/h 10분 소요,예제IC~예제IC 75km/h 10분 소요,50,50,reserved1,reserved2
017000026,평택JC,평택화성고속도로,0170,126984650.073247,37032403.286290,1287213263,예제IC~예제IC 75km/h 10분 소요,예제IC~예제IC 75km/h 10분 소요,50,50,reserved1,reserved2
017000053,어연IC,평택화성고속도로,0170,126986989.692813,37056440.634448,1287213263,예제IC~예제IC 75km/h 10분 소요,예제IC~예제IC 75km/h 10분 소요,50,50,reserved1,reserved2
017000137,향남IC,평택화성고속도로,0170,127000368.954826,37129288.516304,1287213263,예제IC~예제IC 75km/h 10분 소요,예제IC~예제IC 75km/h 10분 소요,50,50,reserved1,reserved2
017000191,서오산JC,평택화성고속도로,0170,126998412.141350,37176513.078364,1287213263,예제IC~예제IC 75km/h 10분 소요,예제IC~예제IC 75km/h 10분 소요,50,50,reserved1,reserved2
020500000,익산JC,대구포항고속도로,0205,127089712.133869,35942960.185066,1287213263,예제IC~예제IC 75km/h 10분 소요,예제IC~예제IC 75km/h 10분 소요,50,50,reserved1,reserved2
020500076,완주IC,대구포항고속도로,0205,127151197.752965,35898637.439819,1287213263,예제IC~예제IC 75km/h 10분 소요,예제IC~예제IC 75km/h 10분 소요,50,50,reserved1,reserved2
020500165,소양IC,대구포항고속도로,0205,127236276.426254,35864469.743261,1287213263,예제IC~예제IC 75km/h 10분 소요,예제IC~예제IC 75km/h 10분 소요,50,50,reserved1,reserved2
020500415,마이산휴게소,대구포항고속도로,0205,127426233.206239,35776192.790448,1287213263,예제IC~예제IC 75km/h 10분 소요,예제IC~예제IC 75km/h 10분 소요,50,50,reserved1,reserved2
020500431,진안IC,대구포항고속도로,0205,127443269.419565,35772296.017331,1287213263,예제IC~예제IC 75km/h 10분 소요,예제IC~예제IC 75km/h 10분 소요,50,50,reserved1,reserved2
020500588,장수IC,대구포항고속도로,0205,127588869.421698,35715787.053100,1287213263,예제IC~예제IC 75km/h 10분 소요,예제IC~예제IC 75km/h 10분 소요,50,50,reserved1,reserved2
020700000,도동JC,대구포항고속도로,0207,128661934.228429,35912393.157588,1287213263,예제IC~예제IC 75km/h 10분 소요,예제IC~예제IC 75km/h 10분 소요,50,50,reserved1,reserved2
020700000,익산JC,대구포항고속도로,0207,128661934.228429,35912393.157588,1287213263,예제IC~예제IC 75km/h 10분 소요,예제IC~예제IC 75km/h 10분 소요,50,50,reserved1,reserved2
020700076,완주IC,대구포항고속도로,0207,128722685.198437,35954121.747989,1287213263,예제IC~예제IC 75km/h 10분 소요,예제IC~예제IC 75km/h 10분 소요,50,50,reserved1,reserved2
020700124,와촌휴게소,대구포항고속도로,0207,128775014.812502,35952797.208658,1287213263,예제IC~예제IC 75km/h 10분 소요,예제IC~예제IC 75km/h 10분 소요,50,50,reserved1,reserved2
020700165,소양IC,대구포항고속도로,0207,128818009.711281,35960662.526305,1287213263,예제IC~예제IC 75km/h 10분 소요,예제IC~예제IC 75km/h 10분 소요,50,50,reserved1,reserved2
020700180,청통와촌IC,대구포항고속도로,0207,128829252.125039,35970641.848009,1287213263,예제IC~예제IC 75km/h 10분 소요,예제IC~예제IC 75km/h 10분 소요,50,50,reserved1,reserved2
020700218,청통와촌휴게소,대구포항고속도로,0207,128860189.273551,35993086.463793,1287213263,예제IC~예제IC 75km/h 10분 소요,예제IC~예제IC 75km/h 10분 소요,50,50,reserved1,reserved2
020700286,북영천IC,대구포항고속도로,0207,128915747.588882,36032176.782009,1287213263,예제IC~예제IC 75km/h 10분 소요,예제IC~예제IC 75km/h 10분 소요,50,50,reserved1,reserved2
020700408,영천휴게소,대구포항고속도로,0207,129042400.837332,36052700.332871,1287213263,예제IC~예제IC 75km/h 10분 소요,예제IC~예제IC 75km/h 10분 소요,50,50,reserved1,reserved2
020700415,마이산휴게소,대구포항고속도로,0207,129049155.363448,36049608.081955,1287213263,예제IC~예제IC 75km/h 10분 소요,예제IC~예제IC 75km/h 10분 소요,50,50,reserved1,reserved2
020700431,진안IC,대구포항고속도로,0207,129064539.921717,36042513.867207,1287213263,예제IC~예제IC 75km/h 10분 소요,예제IC~예제IC 75km/h 10분 소요,50,50,reserved1,reserved2
020700588,장수IC,대구포항고속도로,0207,129213840.663970,36073555.345575,1287213263,예제IC~예제IC 75km/h 10분 소요,예제IC~예제IC 75km/h 10분 소요,50,50,reserved1,reserved2
020700594,서포항IC,대구포항고속도로,0207,129219665.583408,36070933.282316,1287213263,예제IC~예제IC 75km/h 10분 소요,예제IC~예제IC 75km/h 10분 소요,50,50,reserved1,reserved2
020700609,장수JC,대구포항고속도로,0207,129233274.485776,36063269.449007,1287213263,예제IC~예제IC 75km/h 10분 소요,예제IC~예제IC 75km/h 10분 소요,50,50,reserved1,reserved2
020700673,포항TG,대구포항고속도로,0207,129298224.093345,36047750.627429,1287213263,예제IC~예제IC 75km/h 10분 소요,예제IC~예제IC 75km/h 10분 소요,50,50,reserved1,reserved2
020700684,포항JC,대구포항고속도로,0207,129309235.219514,36043837.775029,1287213263,예제IC~예제IC 75km/h 10분 소요,예제IC~예제IC 75km/h 10분 소요,50,50,reserved1,reserved2
025001942,논산JC,호남고속도로,0250,127102544.490620,36081681.382062,1287213263,예제IC~예제IC 75km/h 10분 소요,예제IC~예제IC 75km/h 10분 소요,50,50,reserved1,reserved2
025000001,순천휴게소,호남고속도로,0250,127481365.766983,35003199.600916,1287213263,예제IC~예제IC 75km/h 10분 소요,예제IC~예제IC 75km/h 10분 소요,50,50,reserved1,reserved2
025000100,승주IC,호남고속도로,0250,127374595.223668,35014602.924365,1287213263,예제IC~예제IC 75km/h 10분 소요,예제IC~예제IC 75km/h 10분 소요,50,50,reserved1,reserved2
025000218,주암IC,호남고속도로,0250,127270381.143527,35067503.142350,1287213263,예제IC~예제IC 75km/h 10분 소요,예제IC~예제IC 75km/h 10분 소요,50,50,reserved1,reserved2
025000230,주암휴게소,호남고속도로,0250,127264747.090793,35077203.256704,1287213263,예제IC~예제IC 75km/h 10분 소요,예제IC~예제IC 75km/h 10분 소요,50,50,reserved1,reserved2
025000292,석곡IC,호남고속도로,0250,127247274.395269,35128343.441080,1287213263,예제IC~예제IC 75km/h 10분 소요,예제IC~예제IC 75km/h 10분 소요,50,50,reserved1,reserved2
025000413,곡성IC,호남고속도로,0250,127221922.853962,35226870.268969,1287213263,예제IC~예제IC 75km/h 10분 소요,예제IC~예제IC 75km/h 10분 소요,50,50,reserved1,reserved2
025000430,곡성휴게소,호남고속도로,0250,127205279.906764,35233300.217254,1287213263,예제IC~예제IC 75km/h 10분 소요,예제IC~예제IC 75km/h 10분 소요,50,50,reserved1,reserved2
025000527,옥과IC,호남고속도로,0250,127111909.164240,35259308.971160,1287213263,예제IC~예제IC 75km/h 10분 소요,예제IC~예제IC 75km/h 10분 소요,50,50,reserved1,reserved2
025000606,대덕JC,호남고속도로,0250,127032730.134511,35246217.656734,1287213263,예제IC~예제IC 75km/h 10분 소요,예제IC~예제IC 75km/h 10분 소요,50,50,reserved1,reserved2
025000642,창평IC,호남고속도로,0250,126999334.371728,35230963.254497,1287213263,예제IC~예제IC 75km/h 10분 소요,예제IC~예제IC 75km/h 10분 소요,50,50,reserved1,reserved2
025000683,고서JC,호남고속도로,0250,126957462.673282,35223931.578277,1287213263,예제IC~예제IC 75km/h 10분 소요,예제IC~예제IC 75km/h 10분 소요,50,50,reserved1,reserved2
025000699,동광주TG,호남고속도로,0250,126946470.432590,35213276.574929,1287213263,예제IC~예제IC 75km/h 10분 소요,예제IC~예제IC 75km/h 10분 소요,50,50,reserved1,reserved2
025000742,동광주IC,호남고속도로,0250,126925624.552107,35182440.221472,1287213263,예제IC~예제IC 75km/h 10분 소요,예제IC~예제IC 75km/h 10분 소요,50,50,reserved1,reserved2
025000770,용봉IC,호남고속도로,0250,126895252.832641,35184454.430626,1287213263,예제IC~예제IC 75km/h 10분 소요,예제IC~예제IC 75km/h 10분 소요,50,50,reserved1,reserved2
025000784,서광주IC,호남고속도로,0250,126879931.447874,35185316.549333,1287213263,예제IC~예제IC 75km/h 10분 소요,예제IC~예제IC 75km/h 10분 소요,50,50,reserved1,reserved2
025000806,동림IC,호남고속도로,0250,126859022.530013,35192736.948519,1287213263,예제IC~예제IC 75km/h 10분 소요,예제IC~예제IC 75km/h 10분 소요,50,50,reserved1,reserved2
025000830,산월IC,호남고속도로,0250,126837952.536869,35204320.216912,1287213263,예제IC~예제IC 75km/h 10분 소요,예제IC~예제IC 75km/h 10분 소요,50,50,reserved1,reserved2
025000850,광산IC,호남고속도로,0250,126827443.216813,35219663.516694,1287213263,예제IC~예제IC 75km/h 10분 소요,예제IC~예제IC 75km/h 10분 소요,50,50,reserved1,reserved2
025000894,광주TG,호남고속도로,0250,126806328.742177,35254002.913363,1287213263,예제IC~예제IC 75km/h 10분 소요,예제IC~예제IC 75km/h 10분 소요,50,50,reserved1,reserved2
025000937,장성IC,호남고속도로,0250,126785388.997963,35287707.634969,1287213263,예제IC~예제IC 75km/h 10분 소요,예제IC~예제IC 75km/h 10분 소요,50,50,reserved1,reserved2
025000990,장성JC,호남고속도로,0250,126804810.388946,35330083.081032,1287213263,예제IC~예제IC 75km/h 10분 소요,예제IC~예제IC 75km/h 10분 소요,50,50,reserved1,reserved2
025001011,백양산휴게소,호남고속도로,0250,126814718.465203,35346485.314818,1287213263,예제IC~예제IC 75km/h 10분 소요,예제IC~예제IC 75km/h 10분 소요,50,50,reserved1,reserved2
025001111,백양사IC,호남고속도로,0250,126805129.465531,35431907.267259,1287213263,예제IC~예제IC 75km/h 10분 소요,예제IC~예제IC 75km/h 10분 소요,50,50,reserved1,reserved2
025001203,내장산IC,호남고속도로,0250,126802270.630475,35510002.256895,1287213263,예제IC~예제IC 75km/h 10분 소요,예제IC~예제IC 75km/h 10분 소요,50,50,reserved1,reserved2
025001287,정읍IC,호남고속도로,0250,126832794.694701,35580080.066602,1287213263,예제IC~예제IC 75km/h 10분 소요,예제IC~예제IC 75km/h 10분 소요,50,50,reserved1,reserved2
025001327,정읍휴게소,호남고속도로,0250,126865827.487192,35602545.746796,1287213263,예제IC~예제IC 75km/h 10분 소요,예제IC~예제IC 75km/h 10분 소요,50,50,reserved1,reserved2
025001416,태인IC,호남고속도로,0250,126927832.985608,35661533.558457,1287213263,예제IC~예제IC 75km/h 10분 소요,예제IC~예제IC 75km/h 10분 소요,50,50,reserved1,reserved2
025001521,금산사IC,호남고속도로,0250,126988916.618355,35736527.357972,1287213263,예제IC~예제IC 75km/h 10분 소요,예제IC~예제IC 75km/h 10분 소요,50,50,reserved1,reserved2
025001568,김제IC,호남고속도로,0250,127002436.448394,35775707.386728,1287213263,예제IC~예제IC 75km/h 10분 소요,예제IC~예제IC 75km/h 10분 소요,50,50,reserved1,reserved2
025001634,서전주IC,호남고속도로,0250,127034109.495906,35827673.316842,1287213263,예제IC~예제IC 75km/h 10분 소요,예제IC~예제IC 75km/h 10분 소요,50,50,reserved1,reserved2
025001694,전주IC,호남고속도로,0250,127055168.744859,35878038.349115,1287213263,예제IC~예제IC 75km/h 10분 소요,예제IC~예제IC 75km/h 10분 소요,50,50,reserved1,reserved2
025001764,삼례IC,호남고속도로,0250,127081114.809874,35932855.180714,1287213263,예제IC~예제IC 75km/h 10분 소요,예제IC~예제IC 75km/h 10분 소요,50,50,reserved1,reserved2
025001778,익산JC,호남고속도로,0250,127089330.124993,35942715.021573,1287213263,예제IC~예제IC 75km/h 10분 소요,예제IC~예제IC 75km/h 10분 소요,50,50,reserved1,reserved2
025001847,익산IC,호남고속도로,0250,127112676.883836,35999187.403311,1287213263,예제IC~예제IC 75km/h 10분 소요,예제IC~예제IC 75km/h 10분 소요,50,50,reserved1,reserved2
025001904,여산휴게소,호남고속도로,0250,127103820.820032,36048370.119820,1287213263,예제IC~예제IC 75km/h 10분 소요,예제IC~예제IC 75km/h 10분 소요,50,50,reserved1,reserved2
025001942,논산JC,호남고속도로,0250,127102544.490620,36081681.382062,1287213263,예제IC~예제IC 75km/h 10분 소요,예제IC~예제IC 75km/h 10분 소요,50,50,reserved1,reserved2
030000000,청원JC,30번고속도로,0300,127430636.375335,36564738.660488,1287213263,예제IC~예제IC 75km/h 10분 소요,예제IC~예제IC 75km/h 10분 소요,50,50,reserved1,reserved2
030000081,문의IC,30번고속도로,0300,127507415.156154,36529844.255756,1287213263,예제IC~예제IC 75km/h 10분 소요,예제IC~예제IC 75km/h 10분 소요,50,50,reserved1,reserved2
030000188,회인IC,30번고속도로,0300,127608905.785564,36486535.731878,1287213263,예제IC~예제IC 75km/h 10분 소요,예제IC~예제IC 75km/h 10분 소요,50,50,reserved1,reserved2
030000296,보은IC,30번고속도로,0300,127720337.488943,36456709.550658,1287213263,예제IC~예제IC 75km/h 10분 소요,예제IC~예제IC 75km/h 10분 소요,50,50,reserved1,reserved2
030000356,속리산IC,30번고속도로,0300,127786846.857972,36455607.553932,1287213263,예제IC~예제IC 75km/h 10분 소요,예제IC~예제IC 75km/h 10분 소요,50,50,reserved1,reserved2
030000433,속리산휴게소,30번고속도로,0300,127869773.963520,36445710.977356,1287213263,예제IC~예제IC 75km/h 10분 소요,예제IC~예제IC 75km/h 10분 소요,50,50,reserved1,reserved2
030000488,화서휴게소,30번고속도로,0300,127930472.103810,36444081.801584,1287213263,예제IC~예제IC 75km/h 10분 소요,예제IC~예제IC 75km/h 10분 소요,50,50,reserved1,reserved2
030000518,화서IC,30번고속도로,0300,127961833.055852,36442475.461669,1287213263,예제IC~예제IC 75km/h 10분 소요,예제IC~예제IC 75km/h 10분 소요,50,50,reserved1,reserved2
030000708,남상주IC,30번고속도로,0300,128140554.622898,36367811.124817,1287213263,예제IC~예제IC 75km/h 10분 소요,예제IC~예제IC 75km/h 10분 소요,50,50,reserved1,reserved2
035000000,통영IC,중부고속도로,0350,128442979.745343,34866605.474698,1287213263,예제IC~예제IC 75km/h 10분 소요,예제IC~예제IC 75km/h 10분 소요,50,50,reserved1,reserved2
035000044,북통영IC,중부고속도로,0350,128412803.249331,34889196.610695,1287213263,예제IC~예제IC 75km/h 10분 소요,예제IC~예제IC 75km/h 10분 소요,50,50,reserved1,reserved2
035000145,동고성IC,중부고속도로,0350,128384492.236018,34971533.993807,1287213263,예제IC~예제IC 75km/h 10분 소요,예제IC~예제IC 75km/h 10분 소요,50,50,reserved1,reserved2
035000197,고성IC,중부고속도로,0350,128349867.426911,35007417.427277,1287213263,예제IC~예제IC 75km/h 10분 소요,예제IC~예제IC 75km/h 10분 소요,50,50,reserved1,reserved2
035000296,고성공룡나라휴게소,중부고속도로,0350,128260777.043503,35053108.222395,1287213263,예제IC~예제IC 75km/h 10분 소요,예제IC~예제IC 75km/h 10분 소요,50,50,reserved1,reserved2
035000369,연화산IC,중부고속도로,0350,128191720.388745,35082252.960691,1287213263,예제IC~예제IC 75km/h 10분 소요,예제IC~예제IC 75km/h 10분 소요,50,50,reserved1,reserved2
035000479,진주JC,중부고속도로,0350,128098119.751300,35138160.260239,1287213263,예제IC~예제IC 75km/h 10분 소요,예제IC~예제IC 75km/h 10분 소요,50,50,reserved1,reserved2
035000554,서진주IC,중부고속도로,0350,128040920.720569,35183377.880575,1287213263,예제IC~예제IC 75km/h 10분 소요,예제IC~예제IC 75km/h 10분 소요,50,50,reserved1,reserved2
035000709,단성IC,중부고속도로,0350,127952437.913917,35289769.909710,1287213263,예제IC~예제IC 75km/h 10분 소요,예제IC~예제IC 75km/h 10분 소요,50,50,reserved1,reserved2
035000761,산청휴게소,중부고속도로,0350,127938113.164520,35333797.231870,1287213263,예제IC~예제IC 75km/h 10분 소요,예제IC~예제IC 75km/h 10분 소요,50,50,reserved1,reserved2
035000895,산청IC,중부고속도로,0350,127859798.407969,35427391.832831,1287213263,예제IC~예제IC 75km/h 10분 소요,예제IC~예제IC 75km/h 10분 소요,50,50,reserved1,reserved2
035000969,생초IC,중부고속도로,0350,127824386.336967,35481753.280530,1287213263,예제IC~예제IC 75km/h 10분 소요,예제IC~예제IC 75km/h 10분 소요,50,50,reserved1,reserved2
035001052,함양JC,중부고속도로,0350,127769872.715881,35534726.955792,1287213263,예제IC~예제IC 75km/h 10분 소요,예제IC~예제IC 75km/h 10분 소요,50,50,reserved1,reserved2
035001073,함양휴게소,중부고속도로,0350,127759418.848533,35551574.257464,1287213263,예제IC~예제IC 75km/h 10분 소요,예제IC~예제IC 75km/h 10분 소요,50,50,reserved1,reserved2
035001116,지곡IC,중부고속도로,0350,127769339.027555,35586890.707541,1287213263,예제IC~예제IC 75km/h 10분 소요,예제IC~예제IC 75km/h 10분 소요,50,50,reserved1,reserved2
035001255,서상IC,중부고속도로,0350,127673609.400882,35665900.124670,1287213263,예제IC~예제IC 75km/h 10분 소요,예제IC~예제IC 75km/h 10분 소요,50,50,reserved1,reserved2
035001354,장수JC,중부고속도로,0350,127606069.768455,35732622.175196,1287213263,예제IC~예제IC 75km/h 10분 소요,예제IC~예제IC 75km/h 10분 소요,50,50,reserved1,reserved2
035001467,덕유산휴게소,중부고속도로,0350,127645018.376500,35816830.133791,1287213263,예제IC~예제IC 75km/h 10분 소요,예제IC~예제IC 75km/h 10분 소요,50,50,reserved1,reserved2
035001496,덕유산IC,중부고속도로,0350,127646422.178800,35842818.839278,1287213263,예제IC~예제IC 75km/h 10분 소요,예제IC~예제IC 75km/h 10분 소요,50,50,reserved1,reserved2
035001656,무주IC,중부고속도로,0350,127645844.631955,35977357.274312,1287213263,예제IC~예제IC 75km/h 10분 소요,예제IC~예제IC 75km/h 10분 소요,50,50,reserved1,reserved2
035001847,금산IC,중부고속도로,0350,127520080.903560,36103472.877132,1287213263,예제IC~예제IC 75km/h 10분 소요,예제IC~예제IC 75km/h 10분 소요,50,50,reserved1,reserved2
035001914,인삼랜드휴게소,중부고속도로,0350,127495768.035761,36154773.199763,1287213263,예제IC~예제IC 75km/h 10분 소요,예제IC~예제IC 75km/h 10분 소요,50,50,reserved1,reserved2
035001960,추부IC,중부고속도로,0350,127485291.863911,36192814.687474,1287213263,예제IC~예제IC 75km/h 10분 소요,예제IC~예제IC 75km/h 10분 소요,50,50,reserved1,reserved2
035002044,남대전IC,중부고속도로,0350,127474088.202363,36264788.194006,1287213263,예제IC~예제IC 75km/h 10분 소요,예제IC~예제IC 75km/h 10분 소요,50,50,reserved1,reserved2
035002077,산내JC,중부고속도로,0350,127454860.312445,36285982.505421,1287213263,예제IC~예제IC 75km/h 10분 소요,예제IC~예제IC 75km/h 10분 소요,50,50,reserved1,reserved2
035002119,판암IC,중부고속도로,0350,127472380.500289,36317168.001962,1287213263,예제IC~예제IC 75km/h 10분 소요,예제IC~예제IC 75km/h 10분 소요,50,50,reserved1,reserved2
035002153,비룡JC,중부고속도로,0350,127480811.156907,36345787.383710,1287213263,예제IC~예제IC 75km/h 10분 소요,예제IC~예제IC 75km/h 10분 소요,50,50,reserved1,reserved2
035002188,대전IC,중부고속도로,0350,127451063.750404,36363457.948366,1287213263,예제IC~예제IC 75km/h 10분 소요,예제IC~예제IC 75km/h 10분 소요,50,50,reserved1,reserved2
035002248,회덕JC,중부고속도로,0350,127419574.315240,36405307.688361,1287213263,예제IC~예제IC 75km/h 10분 소요,예제IC~예제IC 75km/h 10분 소요,50,50,reserved1,reserved2
035002288,신탄진IC,중부고속도로,0350,127419837.858650,36439647.712232,1287213263,예제IC~예제IC 75km/h 10분 소요,예제IC~예제IC 75km/h 10분 소요,50,50,reserved1,reserved2
035002399,청원IC,중부고속도로,0350,127430298.336307,36533777.607275,1287213263,예제IC~예제IC 75km/h 10분 소요,예제IC~예제IC 75km/h 10분 소요,50,50,reserved1,reserved2
035002474,남이JC,중부고속도로,0350,127419920.993827,36598899.308114,1287213263,예제IC~예제IC 75km/h 10분 소요,예제IC~예제IC 75km/h 10분 소요,50,50,reserved1,reserved2
035002534,서청주IC,중부고속도로,0350,127421263.108098,36652357.784522,1287213263,예제IC~예제IC 75km/h 10분 소요,예제IC~예제IC 75km/h 10분 소요,50,50,reserved1,reserved2
035002609,오창IC,중부고속도로,0350,127443194.679115,36715494.751372,1287213263,예제IC~예제IC 75km/h 10분 소요,예제IC~예제IC 75km/h 10분 소요,50,50,reserved1,reserved2
035002667,오창휴게소,중부고속도로,0350,127481514.909621,36757206.936465,1287213263,예제IC~예제IC 75km/h 10분 소요,예제IC~예제IC 75km/h 10분 소요,50,50,reserved1,reserved2
035002693,증평IC,중부고속도로,0350,127503073.676145,36772688.663150,1287213263,예제IC~예제IC 75km/h 10분 소요,예제IC~예제IC 75km/h 10분 소요,50,50,reserved1,reserved2
035002812,진천IC,중부고속도로,0350,127475011.535250,36868720.983119,1287213263,예제IC~예제IC 75km/h 10분 소요,예제IC~예제IC 75km/h 10분 소요,50,50,reserved1,reserved2
035002890,대소JC,중부고속도로,0350,127473428.242211,36938740.679781,1287213263,예제IC~예제IC 75km/h 10분 소요,예제IC~예제IC 75km/h 10분 소요,50,50,reserved1,reserved2
035002939,음성IC,중부고속도로,0350,127470857.194074,36981906.428028,1287213263,예제IC~예제IC 75km/h 10분 소요,예제IC~예제IC 75km/h 10분 소요,50,50,reserved1,reserved2
035003068,일죽IC,중부고속도로,0350,127450993.734401,37090787.134892,1287213263,예제IC~예제IC 75km/h 10분 소요,예제IC~예제IC 75km/h 10분 소요,50,50,reserved1,reserved2
035003235,호법JC,중부고속도로,0350,127426761.631560,37236277.923159,1287213263,예제IC~예제IC 75km/h 10분 소요,예제IC~예제IC 75km/h 10분 소요,50,50,reserved1,reserved2
035003259,마장JC,중부고속도로,0350,127414151.472537,37254647.054315,1287213263,예제IC~예제IC 75km/h 10분 소요,예제IC~예제IC 75km/h 10분 소요,50,50,reserved1,reserved2
035003275,이천휴게소,중부고속도로,0350,127403307.314342,37266129.955346,1287213263,예제IC~예제IC 75km/h 10분 소요,예제IC~예제IC 75km/h 10분 소요,50,50,reserved1,reserved2
035003292,서이천IC,중부고속도로,0350,127390712.746859,37277676.640957,1287213263,예제IC~예제IC 75km/h 10분 소요,예제IC~예제IC 75km/h 10분 소요,50,50,reserved1,reserved2
035003310,이천휴게소,중부고속도로,0350,127378269.725237,37290476.283719,1287213263,예제IC~예제IC 75km/h 10분 소요,예제IC~예제IC 75km/h 10분 소요,50,50,reserved1,reserved2
035003399,곤지암IC,중부고속도로,0350,127320842.295115,37352768.709019,1287213263,예제IC~예제IC 75km/h 10분 소요,예제IC~예제IC 75km/h 10분 소요,50,50,reserved1,reserved2
035003520,광주IC,중부고속도로,0350,127269686.205579,37447931.784874,1287213263,예제IC~예제IC 75km/h 10분 소요,예제IC~예제IC 75km/h 10분 소요,50,50,reserved1,reserved2
035003570,산곡JC,중부고속도로,0350,127241291.659432,37483421.976189,1287213263,예제IC~예제IC 75km/h 10분 소요,예제IC~예제IC 75km/h 10분 소요,50,50,reserved1,reserved2
035003612,동서울TG,중부고속도로,0350,127221641.483763,37517637.405709,1287213263,예제IC~예제IC 75km/h 10분 소요,예제IC~예제IC 75km/h 10분 소요,50,50,reserved1,reserved2
035003622,하남IC,중부고속도로,0350,127219787.829863,37526463.754537,1287213263,예제IC~예제IC 75km/h 10분 소요,예제IC~예제IC 75km/h 10분 소요,50,50,reserved1,reserved2
035003637,만남의광장휴게소,중부고속도로,0350,127205483.834892,37531456.249024,1287213263,예제IC~예제IC 75km/h 10분 소요,예제IC~예제IC 75km/h 10분 소요,50,50,reserved1,reserved2
035003646,하남JC,중부고속도로,0350,127195329.482100,37532040.280291,1287213263,예제IC~예제IC 75km/h 10분 소요,예제IC~예제IC 75km/h 10분 소요,50,50,reserved1,reserved2
037003264,마장JC,제2중부고속도로,0370,127411261.911291,37258370.496573,1287213263,예제IC~예제IC 75km/h 10분 소요,예제IC~예제IC 75km/h 10분 소요,50,50,reserved1,reserved2
040000000,서평택JC,평택충주고속도로,0400,126888546.378608,37054256.341022,1287213263,예제IC~예제IC 75km/h 10분 소요,예제IC~예제IC 75km/h 10분 소요,50,50,reserved1,reserved2
040000028,청북IC,평택충주고속도로,0400,126919062.925812,37048715.136046,1287213263,예제IC~예제IC 75km/h 10분 소요,예제IC~예제IC 75km/h 10분 소요,50,50,reserved1,reserved2
040000208,송탄IC,평택충주고속도로,0400,127106981.767262,37034999.356034,1287213263,예제IC~예제IC 75km/h 10분 소요,예제IC~예제IC 75km/h 10분 소요,50,50,reserved1,reserved2
040000237,안성JC,평택충주고속도로,0400,127138687.839401,37035935.092789,1287213263,예제IC~예제IC 75km/h 10분 소요,예제IC~예제IC 75km/h 10분 소요,50,50,reserved1,reserved2
040000257,서안성IC,평택충주고속도로,0400,127160051.965985,37033751.592804,1287213263,예제IC~예제IC 75km/h 10분 소요,예제IC~예제IC 75km/h 10분 소요,50,50,reserved1,reserved2
040000366,남안성IC,평택충주고속도로,0400,127251443.756234,36973060.225372,1287213263,예제IC~예제IC 75km/h 10분 소요,예제IC~예제IC 75km/h 10분 소요,50,50,reserved1,reserved2
040000387,안성맞춤휴게소,평택충주고속도로,0400,127274393.069221,36968973.019114,1287213263,예제IC~예제IC 75km/h 10분 소요,예제IC~예제IC 75km/h 10분 소요,50,50,reserved1,reserved2
040000578,대소JC,평택충주고속도로,0400,127472806.358566,36940896.872471,1287213263,예제IC~예제IC 75km/h 10분 소요,예제IC~예제IC 75km/h 10분 소요,50,50,reserved1,reserved2
045000027,칠원TG,중부내륙고속도로,0450,128513225.609571,35280799.247688,1287213263,예제IC~예제IC 75km/h 10분 소요,예제IC~예제IC 75km/h 10분 소요,50,50,reserved1,reserved2
045000031,칠원JC,중부내륙고속도로,0450,128510374.218615,35283544.092269,1287213263,예제IC~예제IC 75km/h 10분 소요,예제IC~예제IC 75km/h 10분 소요,50,50,reserved1,reserved2
045000087,칠서IC,중부내륙고속도로,0450,128505398.715416,35328321.270623,1287213263,예제IC~예제IC 75km/h 10분 소요,예제IC~예제IC 75km/h 10분 소요,50,50,reserved1,reserved2
045000140,칠서휴게소,중부내륙고속도로,0450,128496133.504448,35371571.139145,1287213263,예제IC~예제IC 75km/h 10분 소요,예제IC~예제IC 75km/h 10분 소요,50,50,reserved1,reserved2
045000175,남지IC,중부내륙고속도로,0450,128483114.387119,35397855.425512,1287213263,예제IC~예제IC 75km/h 10분 소요,예제IC~예제IC 75km/h 10분 소요,50,50,reserved1,reserved2
045000212,영산휴게소,중부내륙고속도로,0450,128496193.113491,35428587.450857,1287213263,예제IC~예제IC 75km/h 10분 소요,예제IC~예제IC 75km/h 10분 소요,50,50,reserved1,reserved2
045000244,영산IC,중부내륙고속도로,0450,128510705.282394,35453629.078910,1287213263,예제IC~예제IC 75km/h 10분 소요,예제IC~예제IC 75km/h 10분 소요,50,50,reserved1,reserved2
045000360,창녕IC,중부내륙고속도로,0450,128476466.323677,35543153.887575,1287213263,예제IC~예제IC 75km/h 10분 소요,예제IC~예제IC 75km/h 10분 소요,50,50,reserved1,reserved2
045000523,현풍JC,중부내륙고속도로,0450,128435908.475085,35676290.640523,1287213263,예제IC~예제IC 75km/h 10분 소요,예제IC~예제IC 75km/h 10분 소요,50,50,reserved1,reserved2
045000523,현풍IC,중부내륙고속도로,0450,128435908.475085,35676290.640523,1287213263,예제IC~예제IC 75km/h 10분 소요,예제IC~예제IC 75km/h 10분 소요,50,50,reserved1,reserved2
045000630,고령JC,중부내륙고속도로,0450,128372949.919740,35757072.739701,1287213263,예제IC~예제IC 75km/h 10분 소요,예제IC~예제IC 75km/h 10분 소요,50,50,reserved1,reserved2
045000736,남성주IC,중부내륙고속도로,0450,128325121.887012,35841255.177680,1287213263,예제IC~예제IC 75km/h 10분 소요,예제IC~예제IC 75km/h 10분 소요,50,50,reserved1,reserved2
045000754,남성주휴게소,중부내륙고속도로,0450,128319138.471733,35856691.199387,1287213263,예제IC~예제IC 75km/h 10분 소요,예제IC~예제IC 75km/h 10분 소요,50,50,reserved1,reserved2
045000766,남성주휴게소,중부내륙고속도로,0450,128317750.050290,35867401.135514,1287213263,예제IC~예제IC 75km/h 10분 소요,예제IC~예제IC 75km/h 10분 소요,50,50,reserved1,reserved2
045000855,성주IC,중부내륙고속도로,0450,128250410.033774,35918440.653498,1287213263,예제IC~예제IC 75km/h 10분 소요,예제IC~예제IC 75km/h 10분 소요,50,50,reserved1,reserved2
045000950,성주휴게소,중부내륙고속도로,0450,128251688.556701,35997251.927887,1287213263,예제IC~예제IC 75km/h 10분 소요,예제IC~예제IC 75km/h 10분 소요,50,50,reserved1,reserved2
045001022,남김천IC,중부내륙고속도로,0450,128268273.619933,36058297.281717,1287213263,예제IC~예제IC 75km/h 10분 소요,예제IC~예제IC 75km/h 10분 소요,50,50,reserved1,reserved2
045001144,김천JC,중부내륙고속도로,0450,128266399.072261,36159004.169078,1287213263,예제IC~예제IC 75km/h 10분 소요,예제IC~예제IC 75km/h 10분 소요,50,50,reserved1,reserved2
045001234,선산IC,중부내륙고속도로,0450,128260689.895596,36241051.952448,1287213263,예제IC~예제IC 75km/h 10분 소요,예제IC~예제IC 75km/h 10분 소요,50,50,reserved1,reserved2
045001270,선산휴게소,중부내륙고속도로,0450,128254867.533106,36272152.403298,1287213263,예제IC~예제IC 75km/h 10분 소요,예제IC~예제IC 75km/h 10분 소요,50,50,reserved1,reserved2
045001464,상주IC,중부내륙고속도로,0450,128213043.754146,36424303.140382,1287213263,예제IC~예제IC 75km/h 10분 소요,예제IC~예제IC 75km/h 10분 소요,50,50,reserved1,reserved2
045001594,북상주IC,중부내륙고속도로,0450,128168350.323823,36531912.274362,1287213263,예제IC~예제IC 75km/h 10분 소요,예제IC~예제IC 75km/h 10분 소요,50,50,reserved1,reserved2
045001669,함창점촌IC,중부내륙고속도로,0450,128156538.539030,36587563.455527,1287213263,예제IC~예제IC 75km/h 10분 소요,예제IC~예제IC 75km/h 10분 소요,50,50,reserved1,reserved2
045001702,문경휴게소,중부내륙고속도로,0450,128155052.560404,36614563.332941,1287213263,예제IC~예제IC 75km/h 10분 소요,예제IC~예제IC 75km/h 10분 소요,50,50,reserved1,reserved2
045001809,문경새재IC,중부내륙고속도로,0450,128111381.172264,36701882.712702,1287213263,예제IC~예제IC 75km/h 10분 소요,예제IC~예제IC 75km/h 10분 소요,50,50,reserved1,reserved2
045001955,연풍IC,중부내륙고속도로,0450,127986060.264097,36763341.893136,1287213263,예제IC~예제IC 75km/h 10분 소요,예제IC~예제IC 75km/h 10분 소요,50,50,reserved1,reserved2
045002038,괴산휴게소,중부내륙고속도로,0450,127958630.387522,36832425.014546,1287213263,예제IC~예제IC 75km/h 10분 소요,예제IC~예제IC 75km/h 10분 소요,50,50,reserved1,reserved2
045002097,괴산IC,중부내륙고속도로,0450,127916411.125668,36869416.316157,1287213263,예제IC~예제IC 75km/h 10분 소요,예제IC~예제IC 75km/h 10분 소요,50,50,reserved1,reserved2
045002246,충주IC,중부내륙고속도로,0450,127846380.027225,36979213.165505,1287213263,예제IC~예제IC 75km/h 10분 소요,예제IC~예제IC 75km/h 10분 소요,50,50,reserved1,reserved2
045002298,충주휴게소,중부내륙고속도로,0450,127837936.151171,37022891.969047,1287213263,예제IC~예제IC 75km/h 10분 소요,예제IC~예제IC 75km/h 10분 소요,50,50,reserved1,reserved2
045002338,북충주IC,중부내륙고속도로,0450,127797318.345394,37034985.842821,1287213263,예제IC~예제IC 75km/h 10분 소요,예제IC~예제IC 75km/h 10분 소요,50,50,reserved1,reserved2
045002511,감곡IC,중부내륙고속도로,0450,127669737.102274,37124585.953843,1287213263,예제IC~예제IC 75km/h 10분 소요,예제IC~예제IC 75km/h 10분 소요,50,50,reserved1,reserved2
045002656,여주JC,중부내륙고속도로,0450,127590230.689906,37231879.497886,1287213263,예제IC~예제IC 75km/h 10분 소요,예제IC~예제IC 75km/h 10분 소요,50,50,reserved1,reserved2
050000006,서창JC,영동고속도로,0500,126738387.229918,37432519.595524,1287213263,예제IC~예제IC 75km/h 10분 소요,예제IC~예제IC 75km/h 10분 소요,50,50,reserved1,reserved2
050000059,월곶IC,영동고속도로,0500,126751967.121897,37388059.684056,1287213263,예제IC~예제IC 75km/h 10분 소요,예제IC~예제IC 75km/h 10분 소요,50,50,reserved1,reserved2
050000105,군자TG,영동고속도로,0500,126779695.976681,37357916.356598,1287213263,예제IC~예제IC 75km/h 10분 소요,예제IC~예제IC 75km/h 10분 소요,50,50,reserved1,reserved2
050000125,서안산IC,영동고속도로,0500,126800829.504032,37351604.306431,1287213263,예제IC~예제IC 75km/h 10분 소요,예제IC~예제IC 75km/h 10분 소요,50,50,reserved1,reserved2
050000159,안산IC,영동고속도로,0500,126838269.964058,37348015.319652,1287213263,예제IC~예제IC 75km/h 10분 소요,예제IC~예제IC 75km/h 10분 소요,50,50,reserved1,reserved2
050000180,안산JC,영동고속도로,0500,126860719.124273,37344041.097803,1287213263,예제IC~예제IC 75km/h 10분 소요,예제IC~예제IC 75km/h 10분 소요,50,50,reserved1,reserved2
050000227,둔대JC,영동고속도로,0500,126903689.773804,37322172.220553,1287213263,예제IC~예제IC 75km/h 10분 소요,예제IC~예제IC 75km/h 10분 소요,50,50,reserved1,reserved2
050000244,군포IC,영동고속도로,0500,126922183.132978,37325858.040372,1287213263,예제IC~예제IC 75km/h 10분 소요,예제IC~예제IC 75km/h 10분 소요,50,50,reserved1,reserved2
050000258,동군포IC,영동고속도로,0500,126937186.510228,37328802.354178,1287213263,예제IC~예제IC 75km/h 10분 소요,예제IC~예제IC 75km/h 10분 소요,50,50,reserved1,reserved2
050000280,부곡IC,영동고속도로,0500,126960737.206462,37323747.944554,1287213263,예제IC~예제IC 75km/h 10분 소요,예제IC~예제IC 75km/h 10분 소요,50,50,reserved1,reserved2
050000308,북수원IC,영동고속도로,0500,126990802.976918,37318613.903629,1287213263,예제IC~예제IC 75km/h 10분 소요,예제IC~예제IC 75km/h 10분 소요,50,50,reserved1,reserved2
050000369,동수원IC,영동고속도로,0500,127050345.671633,37299535.735066,1287213263,예제IC~예제IC 75km/h 10분 소요,예제IC~예제IC 75km/h 10분 소요,50,50,reserved1,reserved2
050000418,신갈JC,영동고속도로,0500,127103761.233617,37290020.896685,1287213263,예제IC~예제IC 75km/h 10분 소요,예제IC~예제IC 75km/h 10분 소요,50,50,reserved1,reserved2
050000484,마성IC,영동고속도로,0500,127173584.555803,37279261.927772,1287213263,예제IC~예제IC 75km/h 10분 소요,예제IC~예제IC 75km/h 10분 소요,50,50,reserved1,reserved2
050000525,용인IC,영동고속도로,0500,127209650.457203,37256711.661991,1287213263,예제IC~예제IC 75km/h 10분 소요,예제IC~예제IC 75km/h 10분 소요,50,50,reserved1,reserved2
050000553,용인휴게소,영동고속도로,0500,127238684.339101,37247196.345133,1287213263,예제IC~예제IC 75km/h 10분 소요,예제IC~예제IC 75km/h 10분 소요,50,50,reserved1,reserved2
050000605,양지IC,영동고속도로,0500,127294662.236112,37239401.047003,1287213263,예제IC~예제IC 75km/h 10분 소요,예제IC~예제IC 75km/h 10분 소요,50,50,reserved1,reserved2
050000710,덕평휴게소,영동고속도로,0500,127403719.053858,37239896.789247,1287213263,예제IC~예제IC 75km/h 10분 소요,예제IC~예제IC 75km/h 10분 소요,50,50,reserved1,reserved2
050000733,호법JC,영동고속도로,0500,127427767.783810,37235573.212791,1287213263,예제IC~예제IC 75km/h 10분 소요,예제IC~예제IC 75km/h 10분 소요,50,50,reserved1,reserved2
050000796,이천IC,영동고속도로,0500,127496124.374540,37245247.855245,1287213263,예제IC~예제IC 75km/h 10분 소요,예제IC~예제IC 75km/h 10분 소요,50,50,reserved1,reserved2
050000863,여주휴게소,영동고속도로,0500,127570007.055726,37239063.512788,1287213263,예제IC~예제IC 75km/h 10분 소요,예제IC~예제IC 75km/h 10분 소요,50,50,reserved1,reserved2
050000883,여주JC,영동고속도로,0500,127590389.365416,37232022.224623,1287213263,예제IC~예제IC 75km/h 10분 소요,예제IC~예제IC 75km/h 10분 소요,50,50,reserved1,reserved2
050000945,여주IC,영동고속도로,0500,127653930.268641,37252900.062777,1287213263,예제IC~예제IC 75km/h 10분 소요,예제IC~예제IC 75km/h 10분 소요,50,50,reserved1,reserved2
050001126,문막휴게소,영동고속도로,0500,127817995.182466,37297290.977206,1287213263,예제IC~예제IC 75km/h 10분 소요,예제IC~예제IC 75km/h 10분 소요,50,50,reserved1,reserved2
050001144,문막IC,영동고속도로,0500,127826357.877072,37311778.870045,1287213263,예제IC~예제IC 75km/h 10분 소요,예제IC~예제IC 75km/h 10분 소요,50,50,reserved1,reserved2
050001183,문막휴게소,영동고속도로,0500,127857462.400201,37335856.378561,1287213263,예제IC~예제IC 75km/h 10분 소요,예제IC~예제IC 75km/h 10분 소요,50,50,reserved1,reserved2
050001236,만종JC,영동고속도로,0500,127902573.727077,37365166.495543,1287213263,예제IC~예제IC 75km/h 10분 소요,예제IC~예제IC 75km/h 10분 소요,50,50,reserved1,reserved2
050001302,원주IC,영동고속도로,0500,127950332.067103,37400920.466455,1287213263,예제IC~예제IC 75km/h 10분 소요,예제IC~예제IC 75km/h 10분 소요,50,50,reserved1,reserved2
050001429,새말IC,영동고속도로,0500,128066827.794564,37446744.112188,1287213263,예제IC~예제IC 75km/h 10분 소요,예제IC~예제IC 75km/h 10분 소요,50,50,reserved1,reserved2
050001520,횡성휴게소,영동고속도로,0500,128128262.222425,37465542.700198,1287213263,예제IC~예제IC 75km/h 10분 소요,예제IC~예제IC 75km/h 10분 소요,50,50,reserved1,reserved2
050001600,둔내IC,영동고속도로,0500,128205244.410844,37492561.205878,1287213263,예제IC~예제IC 75km/h 10분 소요,예제IC~예제IC 75km/h 10분 소요,50,50,reserved1,reserved2
050001766,면온IC,영동고속도로,0500,128362684.597798,37561764.533558,1287213263,예제IC~예제IC 75km/h 10분 소요,예제IC~예제IC 75km/h 10분 소요,50,50,reserved1,reserved2
050001827,장평IC,영동고속도로,0500,128414829.591841,37591385.829430,1287213263,예제IC~예제IC 75km/h 10분 소요,예제IC~예제IC 75km/h 10분 소요,50,50,reserved1,reserved2
050001878,평창휴게소,영동고속도로,0500,128460229.871812,37607026.143301,1287213263,예제IC~예제IC 75km/h 10분 소요,예제IC~예제IC 75km/h 10분 소요,50,50,reserved1,reserved2
050001918,속사IC,영동고속도로,0500,128490253.044553,37631036.318913,1287213263,예제IC~예제IC 75km/h 10분 소요,예제IC~예제IC 75km/h 10분 소요,50,50,reserved1,reserved2
050001990,진부IC,영동고속도로,0500,128563687.627122,37652828.147390,1287213263,예제IC~예제IC 75km/h 10분 소요,예제IC~예제IC 75km/h 10분 소요,50,50,reserved1,reserved2
050002118,횡계IC,영동고속도로,0500,128695852.326126,37678901.677013,1287213263,예제IC~예제IC 75km/h 10분 소요,예제IC~예제IC 75km/h 10분 소요,50,50,reserved1,reserved2
050002309,강릉휴게소,영동고속도로,0500,128805556.523333,37758471.257180,1287213263,예제IC~예제IC 75km/h 10분 소요,예제IC~예제IC 75km/h 10분 소요,50,50,reserved1,reserved2
055001795,남안동IC,중앙고속도로,0550,128621293.137442,36475231.488782,1287213263,예제IC~예제IC 75km/h 10분 소요,예제IC~예제IC 75km/h 10분 소요,50,50,reserved1,reserved2
055001898,안동휴게소,중앙고속도로,0550,128643383.496753,36552960.160130,1287213263,예제IC~예제IC 75km/h 10분 소요,예제IC~예제IC 75km/h 10분 소요,50,50,reserved1,reserved2
055001944,서안동IC,중앙고속도로,0550,128626968.020477,36588565.364121,1287213263,예제IC~예제IC 75km/h 10분 소요,예제IC~예제IC 75km/h 10분 소요,50,50,reserved1,reserved2
055002077,예천IC,중앙고속도로,0550,128542001.619131,36668117.077897,1287213263,예제IC~예제IC 75km/h 10분 소요,예제IC~예제IC 75km/h 10분 소요,50,50,reserved1,reserved2
055002198,영주IC,중앙고속도로,0550,128571690.451014,36769604.688508,1287213263,예제IC~예제IC 75km/h 10분 소요,예제IC~예제IC 75km/h 10분 소요,50,50,reserved1,reserved2
055002300,풍기IC,중앙고속도로,0550,128531161.633923,36852437.776442,1287213263,예제IC~예제IC 75km/h 10분 소요,예제IC~예제IC 75km/h 10분 소요,50,50,reserved1,reserved2
055002470,단양IC,중앙고속도로,0550,128364634.973435,36918265.860065,1287213263,예제IC~예제IC 75km/h 10분 소요,예제IC~예제IC 75km/h 10분 소요,50,50,reserved1,reserved2
055002520,단양휴게소,중앙고속도로,0550,128320820.537181,36942291.818830,1287213263,예제IC~예제IC 75km/h 10분 소요,예제IC~예제IC 75km/h 10분 소요,50,50,reserved1,reserved2
055002600,단양휴게소,중앙고속도로,0550,128293675.356934,37004559.439395,1287213263,예제IC~예제IC 75km/h 10분 소요,예제IC~예제IC 75km/h 10분 소요,50,50,reserved1,reserved2
055002612,북단양IC,중앙고속도로,0550,128288466.873579,37014475.466963,1287213263,예제IC~예제IC 75km/h 10분 소요,예제IC~예제IC 75km/h 10분 소요,50,50,reserved1,reserved2
055002736,남제천IC,중앙고속도로,0550,128182127.034160,37075869.357223,1287213263,예제IC~예제IC 75km/h 10분 소요,예제IC~예제IC 75km/h 10분 소요,50,50,reserved1,reserved2
055002815,제천IC,중앙고속도로,0550,128142567.783281,37133109.837191,1287213263,예제IC~예제IC 75km/h 10분 소요,예제IC~예제IC 75km/h 10분 소요,50,50,reserved1,reserved2
055002948,신림IC,중앙고속도로,0550,128082725.721445,37231760.461861,1287213263,예제IC~예제IC 75km/h 10분 소요,예제IC~예제IC 75km/h 10분 소요,50,50,reserved1,reserved2
055002990,치악휴게소,중앙고속도로,0550,128047491.826014,37255952.172081,1287213263,예제IC~예제IC 75km/h 10분 소요,예제IC~예제IC 75km/h 10분 소요,50,50,reserved1,reserved2
055003129,남원주IC,중앙고속도로,0550,127927641.516432,37326393.306050,1287213263,예제IC~예제IC 75km/h 10분 소요,예제IC~예제IC 75km/h 10분 소요,50,50,reserved1,reserved2
055003178,만종JC,중앙고속도로,0550,127902553.166947,37364785.014035,1287213263,예제IC~예제IC 75km/h 10분 소요,예제IC~예제IC 75km/h 10분 소요,50,50,reserved1,reserved2
055003256,북원주IC,중앙고속도로,0550,127923090.047217,37420585.054038,1287213263,예제IC~예제IC 75km/h 10분 소요,예제IC~예제IC 75km/h 10분 소요,50,50,reserved1,reserved2
055003272,원주휴게소,중앙고속도로,0550,127930458.185910,37432767.233871,1287213263,예제IC~예제IC 75km/h 10분 소요,예제IC~예제IC 75km/h 10분 소요,50,50,reserved1,reserved2
055003363,횡성IC,중앙고속도로,0550,127969784.068122,37504854.414563,1287213263,예제IC~예제IC 75km/h 10분 소요,예제IC~예제IC 75km/h 10분 소요,50,50,reserved1,reserved2
055003619,홍천IC,중앙고속도로,0550,127856084.074388,37677822.174910,1287213263,예제IC~예제IC 75km/h 10분 소요,예제IC~예제IC 75km/h 10분 소요,50,50,reserved1,reserved2
055003683,홍천강휴게소,중앙고속도로,0550,127810624.096411,37714197.706945,1287213263,예제IC~예제IC 75km/h 10분 소요,예제IC~예제IC 75km/h 10분 소요,50,50,reserved1,reserved2
055003726,춘천JC,중앙고속도로,0550,127793637.873970,37746306.343881,1287213263,예제IC~예제IC 75km/h 10분 소요,예제IC~예제IC 75km/h 10분 소요,50,50,reserved1,reserved2
055003803,춘천휴게소,중앙고속도로,0550,127771159.514527,37804870.100259,1287213263,예제IC~예제IC 75km/h 10분 소요,예제IC~예제IC 75km/h 10분 소요,50,50,reserved1,reserved2
055003850,춘천TG,중앙고속도로,0550,127777944.189904,37838738.498975,1287213263,예제IC~예제IC 75km/h 10분 소요,예제IC~예제IC 75km/h 10분 소요,50,50,reserved1,reserved2
055003861,춘천IC,중앙고속도로,0550,127766320.277497,37842356.081104,1287213263,예제IC~예제IC 75km/h 10분 소요,예제IC~예제IC 75km/h 10분 소요,50,50,reserved1,reserved2
060000006,선동IC,서울양양고속도로,0600,127175341.320686,37577824.707788,1287213263,예제IC~예제IC 75km/h 10분 소요,예제IC~예제IC 75km/h 10분 소요,50,50,reserved1,reserved2
060000019,미사IC,서울양양고속도로,0600,127189437.276717,37581184.855466,1287213263,예제IC~예제IC 75km/h 10분 소요,예제IC~예제IC 75km/h 10분 소요,50,50,reserved1,reserved2
060000071,남양주TG,서울양양고속도로,0600,127241262.685879,37597397.272060,1287213263,예제IC~예제IC 75km/h 10분 소요,예제IC~예제IC 75km/h 10분 소요,50,50,reserved1,reserved2
060000472,강촌IC,서울양양고속도로,0600,127624108.398063,37734426.382766,1287213263,예제IC~예제IC 75km/h 10분 소요,예제IC~예제IC 75km/h 10분 소요,50,50,reserved1,reserved2
060000562,남춘천IC,서울양양고속도로,0600,127722742.474355,37751343.021046,1287213263,예제IC~예제IC 75km/h 10분 소요,예제IC~예제IC 75km/h 10분 소요,50,50,reserved1,reserved2
060000573,동산TG,서울양양고속도로,0600,127734015.619005,37755528.463494,1287213263,예제IC~예제IC 75km/h 10분 소요,예제IC~예제IC 75km/h 10분 소요,50,50,reserved1,reserved2
065000000,동해JC,동해고속도로,0650,129094847.661165,37511156.743730,1287213263,예제IC~예제IC 75km/h 10분 소요,예제IC~예제IC 75km/h 10분 소요,50,50,reserved1,reserved2
065000062,기장IC,동해고속도로,0650,129098849.703486,37565746.961680,1287213263,예제IC~예제IC 75km/h 10분 소요,예제IC~예제IC 75km/h 10분 소요,50,50,reserved1,reserved2
065000063,기장TG,동해고속도로,0650,129098726.617834,37566642.532339,1287213263,예제IC~예제IC 75km/h 10분 소요,예제IC~예제IC 75km/h 10분 소요,50,50,reserved1,reserved2
065000083,망상IC,동해고속도로,0650,129092887.033416,37584001.295737,1287213263,예제IC~예제IC 75km/h 10분 소요,예제IC~예제IC 75km/h 10분 소요,50,50,reserved1,reserved2
065000109,동해휴게소,동해고속도로,0650,129074816.083299,37602125.887947,1287213263,예제IC~예제IC 75km/h 10분 소요,예제IC~예제IC 75km/h 10분 소요,50,50,reserved1,reserved2
065000129,옥계휴게소,동해고속도로,0650,129059269.224196,37615153.783965,1287213263,예제IC~예제IC 75km/h 10분 소요,예제IC~예제IC 75km/h 10분 소요,50,50,reserved1,reserved2
065000149,옥계IC,동해고속도로,0650,129038124.549878,37618539.621374,1287213263,예제IC~예제IC 75km/h 10분 소요,예제IC~예제IC 75km/h 10분 소요,50,50,reserved1,reserved2
065000258,장안휴게소,동해고속도로,0650,128968085.233334,37686983.396324,1287213263,예제IC~예제IC 75km/h 10분 소요,예제IC~예제IC 75km/h 10분 소요,50,50,reserved1,reserved2
065000296,온양IC,동해고속도로,0650,128925684.864003,37688102.963663,1287213263,예제IC~예제IC 75km/h 10분 소요,예제IC~예제IC 75km/h 10분 소요,50,50,reserved1,reserved2
065000328,남강릉IC,동해고속도로,0650,128891531.556282,37693954.142693,1287213263,예제IC~예제IC 75km/h 10분 소요,예제IC~예제IC 75km/h 10분 소요,50,50,reserved1,reserved2
065000375,청량IC,동해고속도로,0650,128854784.125628,37720931.635466,1287213263,예제IC~예제IC 75km/h 10분 소요,예제IC~예제IC 75km/h 10분 소요,50,50,reserved1,reserved2
065000378,구정휴게소,동해고속도로,0650,128852385.096043,37722848.219030,1287213263,예제IC~예제IC 75km/h 10분 소요,예제IC~예제IC 75km/h 10분 소요,50,50,reserved1,reserved2
065000410,강릉IC,동해고속도로,0650,128839146.973003,37749245.122185,1287213263,예제IC~예제IC 75km/h 10분 소요,예제IC~예제IC 75km/h 10분 소요,50,50,reserved1,reserved2
065000428,문수IC,동해고속도로,0650,128836782.058257,37765296.557168,1287213263,예제IC~예제IC 75km/h 10분 소요,예제IC~예제IC 75km/h 10분 소요,50,50,reserved1,reserved2
065000437,강릉JC,동해고속도로,0650,128834762.993000,37773246.207804,1287213263,예제IC~예제IC 75km/h 10분 소요,예제IC~예제IC 75km/h 10분 소요,50,50,reserved1,reserved2
065000470,울산JC,동해고속도로,0650,128824850.401765,37801305.809621,1287213263,예제IC~예제IC 75km/h 10분 소요,예제IC~예제IC 75km/h 10분 소요,50,50,reserved1,reserved2
065000509,북강릉IC,동해고속도로,0650,128814491.170806,37835142.395205,1287213263,예제IC~예제IC 75km/h 10분 소요,예제IC~예제IC 75km/h 10분 소요,50,50,reserved1,reserved2
065000607,현남IC,동해고속도로,0650,128787082.642559,37919232.365242,1287213263,예제IC~예제IC 75km/h 10분 소요,예제IC~예제IC 75km/h 10분 소요,50,50,reserved1,reserved2
100000000,판교JC,서울외곽순환고속도로,1000,127094616.946379,37405735.778186,1287213263,예제IC~예제IC 75km/h 10분 소요,예제IC~예제IC 75km/h 10분 소요,50,50,reserved1,reserved2
100000042,성남IC,서울외곽순환고속도로,1000,127123409.932689,37427631.439979,1287213263,예제IC~예제IC 75km/h 10분 소요,예제IC~예제IC 75km/h 10분 소요,50,50,reserved1,reserved2
100000051,성남TG,서울외곽순환고속도로,1000,127123104.418043,37435727.702542,1287213263,예제IC~예제IC 75km/h 10분 소요,예제IC~예제IC 75km/h 10분 소요,50,50,reserved1,reserved2
100000094,송파IC,서울외곽순환고속도로,1000,127127030.514227,37473605.314487,1287213263,예제IC~예제IC 75km/h 10분 소요,예제IC~예제IC 75km/h 10분 소요,50,50,reserved1,reserved2
100000144,서하남IC,서울외곽순환고속도로,1000,127151929.869591,37512465.591006,1287213263,예제IC~예제IC 75km/h 10분 소요,예제IC~예제IC 75km/h 10분 소요,50,50,reserved1,reserved2
100000193,하남JC,서울외곽순환고속도로,1000,127195901.380650,37531789.082723,1287213263,예제IC~예제IC 75km/h 10분 소요,예제IC~예제IC 75km/h 10분 소요,50,50,reserved1,reserved2
100000219,상일IC,서울외곽순환고속도로,1000,127179247.751053,37549354.499395,1287213263,예제IC~예제IC 75km/h 10분 소요,예제IC~예제IC 75km/h 10분 소요,50,50,reserved1,reserved2
100000248,강일IC,서울외곽순환고속도로,1000,127165529.569198,37572809.367894,1287213263,예제IC~예제IC 75km/h 10분 소요,예제IC~예제IC 75km/h 10분 소요,50,50,reserved1,reserved2
100000259,토평IC,서울외곽순환고속도로,1000,127158664.404598,37581081.440445,1287213263,예제IC~예제IC 75km/h 10분 소요,예제IC~예제IC 75km/h 10분 소요,50,50,reserved1,reserved2
100000269,구리TG,서울외곽순환고속도로,1000,127156606.005821,37589702.626565,1287213263,예제IC~예제IC 75km/h 10분 소요,예제IC~예제IC 75km/h 10분 소요,50,50,reserved1,reserved2
100000283,남양주IC,서울외곽순환고속도로,1000,127153276.430028,37601672.202049,1287213263,예제IC~예제IC 75km/h 10분 소요,예제IC~예제IC 75km/h 10분 소요,50,50,reserved1,reserved2
100000302,구리IC,서울외곽순환고속도로,1000,127141585.539933,37615573.985608,1287213263,예제IC~예제IC 75km/h 10분 소요,예제IC~예제IC 75km/h 10분 소요,50,50,reserved1,reserved2
100000329,퇴계원IC,서울외곽순환고속도로,1000,127133355.801547,37638726.954343,1287213263,예제IC~예제IC 75km/h 10분 소요,예제IC~예제IC 75km/h 10분 소요,50,50,reserved1,reserved2
100000343,불암산TG,서울외곽순환고속도로,1000,127124534.834958,37649010.994254,1287213263,예제IC~예제IC 75km/h 10분 소요,예제IC~예제IC 75km/h 10분 소요,50,50,reserved1,reserved2
100000353,별내IC,서울외곽순환고속도로,1000,127118835.234185,37656804.563608,1287213263,예제IC~예제IC 75km/h 10분 소요,예제IC~예제IC 75km/h 10분 소요,50,50,reserved1,reserved2
100000426,의정부IC,서울외곽순환고속도로,1000,127053254.829925,37694106.195624,1287213263,예제IC~예제IC 75km/h 10분 소요,예제IC~예제IC 75km/h 10분 소요,50,50,reserved1,reserved2
100000509,송추IC,서울외곽순환고속도로,1000,126977084.514242,37714990.366313,1287213263,예제IC~예제IC 75km/h 10분 소요,예제IC~예제IC 75km/h 10분 소요,50,50,reserved1,reserved2
100000596,통일로IC,서울외곽순환고속도로,1000,126896289.127940,37673257.113138,1287213263,예제IC~예제IC 75km/h 10분 소요,예제IC~예제IC 75km/h 10분 소요,50,50,reserved1,reserved2
100000670,고양IC,서울외곽순환고속도로,1000,126820382.142716,37659011.341324,1287213263,예제IC~예제IC 75km/h 10분 소요,예제IC~예제IC 75km/h 10분 소요,50,50,reserved1,reserved2
100000700,일산IC,서울외곽순환고속도로,1000,126804572.557088,37635900.998860,1287213263,예제IC~예제IC 75km/h 10분 소요,예제IC~예제IC 75km/h 10분 소요,50,50,reserved1,reserved2
100000722,자유로JC,서울외곽순환고속도로,1000,126798484.214485,37617403.068829,1287213263,예제IC~예제IC 75km/h 10분 소요,예제IC~예제IC 75km/h 10분 소요,50,50,reserved1,reserved2
100000753,김포IC,서울외곽순환고속도로,1000,126774977.928047,37597179.125479,1287213263,예제IC~예제IC 75km/h 10분 소요,예제IC~예제IC 75km/h 10분 소요,50,50,reserved1,reserved2
100000762,김포TG,서울외곽순환고속도로,1000,126766933.105636,37592248.972191,1287213263,예제IC~예제IC 75km/h 10분 소요,예제IC~예제IC 75km/h 10분 소요,50,50,reserved1,reserved2
100000790,노오지JC,서울외곽순환고속도로,1000,126753147.701949,37570347.478783,1287213263,예제IC~예제IC 75km/h 10분 소요,예제IC~예제IC 75km/h 10분 소요,50,50,reserved1,reserved2
100000821,계양IC,서울외곽순환고속도로,1000,126748890.078089,37543342.660804,1287213263,예제IC~예제IC 75km/h 10분 소요,예제IC~예제IC 75km/h 10분 소요,50,50,reserved1,reserved2
100000843,서운JC,서울외곽순환고속도로,1000,126751479.718889,37523849.792888,1287213263,예제IC~예제IC 75km/h 10분 소요,예제IC~예제IC 75km/h 10분 소요,50,50,reserved1,reserved2
100000864,중동IC,서울외곽순환고속도로,1000,126747868.161212,37505166.031533,1287213263,예제IC~예제IC 75km/h 10분 소요,예제IC~예제IC 75km/h 10분 소요,50,50,reserved1,reserved2
100000884,송내IC,서울외곽순환고속도로,1000,126747144.289627,37487340.690734,1287213263,예제IC~예제IC 75km/h 10분 소요,예제IC~예제IC 75km/h 10분 소요,50,50,reserved1,reserved2
100000908,장수IC,서울외곽순환고속도로,1000,126754518.979961,37467271.514725,1287213263,예제IC~예제IC 75km/h 10분 소요,예제IC~예제IC 75km/h 10분 소요,50,50,reserved1,reserved2
100000950,시흥IC,서울외곽순환고속도로,1000,126797412.783551,37455683.859731,1287213263,예제IC~예제IC 75km/h 10분 소요,예제IC~예제IC 75km/h 10분 소요,50,50,reserved1,reserved2
100000958,시흥TG,서울외곽순환고속도로,1000,126803822.608217,37450704.642903,1287213263,예제IC~예제IC 75km/h 10분 소요,예제IC~예제IC 75km/h 10분 소요,50,50,reserved1,reserved2
100000977,안현JC,서울외곽순환고속도로,1000,126816738.295702,37437047.146326,1287213263,예제IC~예제IC 75km/h 10분 소요,예제IC~예제IC 75km/h 10분 소요,50,50,reserved1,reserved2
100001069,조남JC,서울외곽순환고속도로,1000,126868712.411953,37368811.816944,1287213263,예제IC~예제IC 75km/h 10분 소요,예제IC~예제IC 75km/h 10분 소요,50,50,reserved1,reserved2
100001122,산본IC,서울외곽순환고속도로,1000,126927709.432306,37375606.983739,1287213263,예제IC~예제IC 75km/h 10분 소요,예제IC~예제IC 75km/h 10분 소요,50,50,reserved1,reserved2
100001163,평촌IC,서울외곽순환고속도로,1000,126970927.215823,37380426.528991,1287213263,예제IC~예제IC 75km/h 10분 소요,예제IC~예제IC 75km/h 10분 소요,50,50,reserved1,reserved2
100001192,학의JC,서울외곽순환고속도로,1000,127001469.527811,37387272.804469,1287213263,예제IC~예제IC 75km/h 10분 소요,예제IC~예제IC 75km/h 10분 소요,50,50,reserved1,reserved2
100001214,청계TG,서울외곽순환고속도로,1000,127024714.563894,37392790.471173,1287213263,예제IC~예제IC 75km/h 10분 소요,예제IC~예제IC 75km/h 10분 소요,50,50,reserved1,reserved2
100001280,판교JC,서울외곽순환고속도로,1000,127094406.793040,37405669.692683,1287213263,예제IC~예제IC 75km/h 10분 소요,예제IC~예제IC 75km/h 10분 소요,50,50,reserved1,reserved2
102000000,산인JC,남해제1고속도로지선,1020,128474403.337767,35271415.311502,1287213263,예제IC~예제IC 75km/h 10분 소요,예제IC~예제IC 75km/h 10분 소요,50,50,reserved1,reserved2
102000043,내서JC,남해제1고속도로지선,1020,128514984.415417,35259120.196854,1287213263,예제IC~예제IC 75km/h 10분 소요,예제IC~예제IC 75km/h 10분 소요,50,50,reserved1,reserved2
102000146,마산TG,남해제1고속도로지선,1020,128605645.956219,35259253.310003,1287213263,예제IC~예제IC 75km/h 10분 소요,예제IC~예제IC 75km/h 10분 소요,50,50,reserved1,reserved2
104000000,냉정JC,남해제2고속도로지선,1040,128793127.136342,35219518.014497,1287213263,예제IC~예제IC 75km/h 10분 소요,예제IC~예제IC 75km/h 10분 소요,50,50,reserved1,reserved2
104000009,장유휴게소,남해제2고속도로지선,1040,128795269.570204,35211879.789299,1287213263,예제IC~예제IC 75km/h 10분 소요,예제IC~예제IC 75km/h 10분 소요,50,50,reserved1,reserved2
104000030,장유IC,남해제2고속도로지선,1040,128809132.890668,35198185.202685,1287213263,예제IC~예제IC 75km/h 10분 소요,예제IC~예제IC 75km/h 10분 소요,50,50,reserved1,reserved2
104000128,가락IC,남해제2고속도로지선,1040,128895393.793574,35165562.296513,1287213263,예제IC~예제IC 75km/h 10분 소요,예제IC~예제IC 75km/h 10분 소요,50,50,reserved1,reserved2
104000178,서부산TG,남해제2고속도로지선,1040,128949031.098746,35156717.434020,1287213263,예제IC~예제IC 75km/h 10분 소요,예제IC~예제IC 75km/h 10분 소요,50,50,reserved1,reserved2
104000181,서부산IC,남해제2고속도로지선,1040,128952255.956360,35156199.028813,1287213263,예제IC~예제IC 75km/h 10분 소요,예제IC~예제IC 75km/h 10분 소요,50,50,reserved1,reserved2
110000037,도화IC,제2경인고속도로,1100,126670118.890235,37437307.834249,1287213263,예제IC~예제IC 75km/h 10분 소요,예제IC~예제IC 75km/h 10분 소요,50,50,reserved1,reserved2
110000045,문학IC,제2경인고속도로,1100,126678848.997243,37435453.013955,1287213263,예제IC~예제IC 75km/h 10분 소요,예제IC~예제IC 75km/h 10분 소요,50,50,reserved1,reserved2
110000063,가좌(동인천)IC,제2경인고속도로,1100,126698676.630702,37433417.324298,1287213263,예제IC~예제IC 75km/h 10분 소요,예제IC~예제IC 75km/h 10분 소요,50,50,reserved1,reserved2
110000075,남동IC,제2경인고속도로,1100,126712234.086034,37433778.999387,1287213263,예제IC~예제IC 75km/h 10분 소요,예제IC~예제IC 75km/h 10분 소요,50,50,reserved1,reserved2
110000098,서창JC,제2경인고속도로,1100,126738184.052435,37432830.608543,1287213263,예제IC~예제IC 75km/h 10분 소요,예제IC~예제IC 75km/h 10분 소요,50,50,reserved1,reserved2
110000104,서인천IC,제2경인고속도로,1100,126744958.331004,37432563.918160,1287213263,예제IC~예제IC 75km/h 10분 소요,예제IC~예제IC 75km/h 10분 소요,50,50,reserved1,reserved2
110000121,남인천TG,제2경인고속도로,1100,126764157.156983,37431972.288984,1287213263,예제IC~예제IC 75km/h 10분 소요,예제IC~예제IC 75km/h 10분 소요,50,50,reserved1,reserved2
110000136,신천IC,제2경인고속도로,1100,126781022.107548,37430647.079414,1287213263,예제IC~예제IC 75km/h 10분 소요,예제IC~예제IC 75km/h 10분 소요,50,50,reserved1,reserved2
110000142,부평IC,제2경인고속도로,1100,126787664.920679,37429555.908475,1287213263,예제IC~예제IC 75km/h 10분 소요,예제IC~예제IC 75km/h 10분 소요,50,50,reserved1,reserved2
110000165,인천TG,제2경인고속도로,1100,126811544.001142,37434503.963451,1287213263,예제IC~예제IC 75km/h 10분 소요,예제IC~예제IC 75km/h 10분 소요,50,50,reserved1,reserved2
110000172,서운JC,제2경인고속도로,1100,126818046.041635,37438097.066454,1287213263,예제IC~예제IC 75km/h 10분 소요,예제IC~예제IC 75km/h 10분 소요,50,50,reserved1,reserved2
110000180,안현JC,제2경인고속도로,1100,126826636.639494,37440063.298406,1287213263,예제IC~예제IC 75km/h 10분 소요,예제IC~예제IC 75km/h 10분 소요,50,50,reserved1,reserved2
110000190,부천IC,제2경인고속도로,1100,126837938.514335,37440281.617215,1287213263,예제IC~예제IC 75km/h 10분 소요,예제IC~예제IC 75km/h 10분 소요,50,50,reserved1,reserved2
110000201,광명IC,제2경인고속도로,1100,126850310.946164,37439678.106563,1287213263,예제IC~예제IC 75km/h 10분 소요,예제IC~예제IC 75km/h 10분 소요,50,50,reserved1,reserved2
110000245,일직JC,제2경인고속도로,1100,126895529.075409,37423770.827006,1287213263,예제IC~예제IC 75km/h 10분 소요,예제IC~예제IC 75km/h 10분 소요,50,50,reserved1,reserved2
110000255,석수IC,제2경인고속도로,1100,126906799.299406,37423982.972055,1287213263,예제IC~예제IC 75km/h 10분 소요,예제IC~예제IC 75km/h 10분 소요,50,50,reserved1,reserved2
251000000,논산JC,호남고속도로지선,2510,127102602.076806,36081855.455829,1287213263,예제IC~예제IC 75km/h 10분 소요,예제IC~예제IC 75km/h 10분 소요,50,50,reserved1,reserved2
251000055,논산IC,호남고속도로지선,2510,127134342.523176,36122238.945381,1287213263,예제IC~예제IC 75km/h 10분 소요,예제IC~예제IC 75km/h 10분 소요,50,50,reserved1,reserved2
251000222,벌곡휴게소,호남고속도로지선,2510,127266282.356535,36204283.110406,1287213263,예제IC~예제IC 75km/h 10분 소요,예제IC~예제IC 75km/h 10분 소요,50,50,reserved1,reserved2
251000280,계룡IC,호남고속도로지선,2510,127280027.270297,36252912.130498,1287213263,예제IC~예제IC 75km/h 10분 소요,예제IC~예제IC 75km/h 10분 소요,50,50,reserved1,reserved2
251000295,계룡휴게소,호남고속도로지선,2510,127288902.359622,36263340.041974,1287213263,예제IC~예제IC 75km/h 10분 소요,예제IC~예제IC 75km/h 10분 소요,50,50,reserved1,reserved2
251000344,서대전JC,호남고속도로지선,2510,127316095.075767,36293990.888681,1287213263,예제IC~예제IC 75km/h 10분 소요,예제IC~예제IC 75km/h 10분 소요,50,50,reserved1,reserved2
251000428,유성IC,호남고속도로지선,2510,127331055.771924,36363792.119698,1287213263,예제IC~예제IC 75km/h 10분 소요,예제IC~예제IC 75km/h 10분 소요,50,50,reserved1,reserved2
251000503,북대전(EXPO)IC,호남고속도로지선,2510,127380970.345298,36411093.269116,1287213263,예제IC~예제IC 75km/h 10분 소요,예제IC~예제IC 75km/h 10분 소요,50,50,reserved1,reserved2
300000000,서대전JC,대전남부순환고속도로,3000,127316045.840904,36294072.669310,1287213263,예제IC~예제IC 75km/h 10분 소요,예제IC~예제IC 75km/h 10분 소요,50,50,reserved1,reserved2
300000011,서대전IC,대전남부순환고속도로,3000,127327650.279094,36291694.198654,1287213263,예제IC~예제IC 75km/h 10분 소요,예제IC~예제IC 75km/h 10분 소요,50,50,reserved1,reserved2
300000057,안영IC,대전남부순환고속도로,3000,127377453.646581,36283839.422939,1287213263,예제IC~예제IC 75km/h 10분 소요,예제IC~예제IC 75km/h 10분 소요,50,50,reserved1,reserved2
300000106,산내JC,대전남부순환고속도로,3000,127428531.376817,36278624.677152,1287213263,예제IC~예제IC 75km/h 10분 소요,예제IC~예제IC 75km/h 10분 소요,50,50,reserved1,reserved2
300000174,판암IC,대전남부순환고속도로,3000,127472053.937583,36316723.599598,1287213263,예제IC~예제IC 75km/h 10분 소요,예제IC~예제IC 75km/h 10분 소요,50,50,reserved1,reserved2
400000000,동탄JC,수도권제2순환고속도로,4000,126954060.911439,37233002.686144,1287213263,예제IC~예제IC 75km/h 10분 소요,예제IC~예제IC 75km/h 10분 소요,50,50,reserved1,reserved2
400000036,북오산IC,수도권제2순환고속도로,4000,126963699.327272,37202849.936553,1287213263,예제IC~예제IC 75km/h 10분 소요,예제IC~예제IC 75km/h 10분 소요,50,50,reserved1,reserved2
400000092,서오산JC,수도권제2순환고속도로,4000,127004605.014510,37173169.721706,1287213263,예제IC~예제IC 75km/h 10분 소요,예제IC~예제IC 75km/h 10분 소요,50,50,reserved1,reserved2
451000000,현풍IC,중부내륙고속도로지선,4510,128434699.648027,35674948.347680,1287213263,예제IC~예제IC 75km/h 10분 소요,예제IC~예제IC 75km/h 10분 소요,50,50,reserved1,reserved2
451000025,현풍휴게소,중부내륙고속도로지선,4510,128435920.277507,35697415.212288,1287213263,예제IC~예제IC 75km/h 10분 소요,예제IC~예제IC 75km/h 10분 소요,50,50,reserved1,reserved2
451000124,달성IC,중부내륙고속도로지선,4510,128475069.763984,35767250.454847,1287213263,예제IC~예제IC 75km/h 10분 소요,예제IC~예제IC 75km/h 10분 소요,50,50,reserved1,reserved2
451000153,옥포JC,중부내륙고속도로지선,4510,128463975.473726,35791519.635332,1287213263,예제IC~예제IC 75km/h 10분 소요,예제IC~예제IC 75km/h 10분 소요,50,50,reserved1,reserved2
451000169,화원TG,중부내륙고속도로지선,4510,128475333.966692,35799960.192848,1287213263,예제IC~예제IC 75km/h 10분 소요,예제IC~예제IC 75km/h 10분 소요,50,50,reserved1,reserved2
451000175,화원IC,중부내륙고속도로지선,4510,128481876.579425,35800868.388507,1287213263,예제IC~예제IC 75km/h 10분 소요,예제IC~예제IC 75km/h 10분 소요,50,50,reserved1,reserved2
451000234,남대구IC,중부내륙고속도로지선,4510,128527723.872219,35837560.686230,1287213263,예제IC~예제IC 75km/h 10분 소요,예제IC~예제IC 75km/h 10분 소요,50,50,reserved1,reserved2
451000249,성서IC,중부내륙고속도로지선,4510,128521786.359753,35849720.683973,1287213263,예제IC~예제IC 75km/h 10분 소요,예제IC~예제IC 75km/h 10분 소요,50,50,reserved1,reserved2
451000281,서대구IC,중부내륙고속도로지선,4510,128531518.935397,35876711.584431,1287213263,예제IC~예제IC 75km/h 10분 소요,예제IC~예제IC 75km/h 10분 소요,50,50,reserved1,reserved2
451000283,서대구TG,중부내륙고속도로지선,4510,128530805.375799,35878412.187290,1287213263,예제IC~예제IC 75km/h 10분 소요,예제IC~예제IC 75km/h 10분 소요,50,50,reserved1,reserved2
451000300,금호JC,중부내륙고속도로지선,4510,128525177.876730,35892740.877404,1287213263,예제IC~예제IC 75km/h 10분 소요,예제IC~예제IC 75km/h 10분 소요,50,50,reserved1,reserved2
551000000,대동JC,중앙고속도로지선,5510,128984978.155470,35283192.547750,1287213263,예제IC~예제IC 75km/h 10분 소요,예제IC~예제IC 75km/h 10분 소요,50,50,reserved1,reserved2
551000041,물금IC,중앙고속도로지선,5510,129012158.127205,35308430.807395,1287213263,예제IC~예제IC 75km/h 10분 소요,예제IC~예제IC 75km/h 10분 소요,50,50,reserved1,reserved2
551000064,남양산IC,중앙고속도로지선,5510,129025127.170751,35325159.359567,1287213263,예제IC~예제IC 75km/h 10분 소요,예제IC~예제IC 75km/h 10분 소요,50,50,reserved1,reserved2
